Data, Open, High, Low, Close, Volume
1/25/2007,199.4,201.55,199.11,201.55,600
1/26/2007,201.81,201.95,201.72,201.86,3200
1/29/2007,200.4,200.4,198.74,199.83,1000
1/30/2007,197.74,197.76,197.74,197.76,100
1/31/2007,198.4,198.4,196.68,196.68,1200
2/1/2007,196.13,196.48,195.04,195.42,3600
2/2/2007,195.47,195.62,194.81,194.81,1300
2/5/2007,194.93,195.64,194.81,195.64,2500
2/6/2007,196.36,196.36,196.36,196.36,0
2/7/2007,195.1,195.1,193.41,193.41,600
2/8/2007,193.84,194.3,193.84,193.87,100
2/9/2007,193.64,196.56,193.61,195.67,2700
2/12/2007,196.16,197.08,196.16,196.19,1300
2/13/2007,195.47,195.47,195.07,195.07,200
2/14/2007,193.24,193.24,193.24,193.24,100
2/15/2007,194.56,194.56,193.72,193.72,200
2/16/2007,195.1,195.1,193.49,193.49,100
2/20/2007,191.72,191.72,191.72,191.72,100
2/21/2007,192,192,191.6,191.6,300
2/22/2007,191.2,192.23,191.12,192.23,500
2/23/2007,191.49,191.49,191.49,191.49,100
2/26/2007,192.72,192.72,192.72,192.72,0
2/27/2007,196.45,200.63,195.93,199.66,4700
2/28/2007,201.12,201.55,198.85,199.43,1700
3/1/2007,204.18,204.18,198.94,200.2,4200
3/2/2007,202.06,204.33,201.29,204.3,4600
3/5/2007,207.19,208.68,203.67,208.68,9800
3/6/2007,205.93,206.28,203.04,203.32,2500
3/7/2007,204.04,204.81,203.04,204.53,3000
3/8/2007,202.21,203.93,201.92,203.9,2500
3/9/2007,201.98,203.73,201.81,202.18,7300
3/12/2007,202.44,202.52,201.32,201.32,1200
3/13/2007,202.89,206.76,202.67,206.59,4200
3/14/2007,206.19,208.57,204.44,204.7,9000
3/15/2007,204.16,204.16,202.72,202.72,2200
3/16/2007,202.87,204.3,202.87,204.3,600
3/19/2007,202.58,202.69,201.4,202.38,600
3/20/2007,201.89,202.21,200.17,200.34,8300
3/21/2007,200.23,200.49,196.19,196.33,10800
3/22/2007,196.16,197.42,196.16,196.56,900
3/23/2007,196.56,196.65,196.1,196.1,1500
3/26/2007,196.3,198.17,196.22,196.39,4200
3/27/2007,197.36,198.48,197.36,197.85,2800
3/28/2007,199.14,200,198.51,199.17,2100
3/29/2007,198.14,200.63,198.14,199.08,6200
3/30/2007,198.37,200,197.68,198.85,1600
4/2/2007,198.71,199.08,198.31,198.31,2300
4/3/2007,196.1,196.22,195.64,195.67,1500
4/4/2007,196.33,196.33,196.33,196.33,700
4/5/2007,196.59,196.62,195.62,195.76,1000
4/9/2007,196.73,196.73,196.19,196.22,900
4/10/2007,195.24,195.73,195.13,195.62,200
4/11/2007,196.25,197.62,196.25,197.19,800
4/12/2007,197.54,198.54,195.87,195.87,1600
4/13/2007,195.73,195.99,194.61,194.81,1700
4/16/2007,192.86,193.21,191.86,191.86,1900
4/17/2007,192.23,193.24,192.23,192.43,600
4/18/2007,193.12,193.44,193.12,193.15,400
4/19/2007,195.93,195.93,194.01,195.24,3400
4/20/2007,192.72,193.87,192.61,193.01,5800
4/23/2007,192.66,193.24,192.66,193.24,600
4/24/2007,192.95,194.3,192.69,193.09,1600
4/25/2007,192.84,192.84,191.49,192.09,2300
4/26/2007,192.58,193.44,191.72,191.72,2700
4/27/2007,192.75,193.21,192.46,192.46,800
4/30/2007,193.64,196.53,193.64,196.53,500
5/1/2007,196.19,198.02,196.16,196.42,19500
5/2/2007,196.02,196.02,193.01,193.18,2700
5/3/2007,193.72,193.72,192.69,193.09,300
5/4/2007,193.12,193.61,192.29,192.29,2500
5/7/2007,192.23,192.89,191.69,192.64,3400
5/8/2007,194.07,195.04,193.15,193.18,4100
5/9/2007,194.01,194.01,191.46,191.83,2300
5/10/2007,194.07,195.84,193.21,195.84,7500
5/11/2007,194.81,194.99,193.07,193.29,9400
5/14/2007,193.01,195.41,192.86,195.13,4400
5/15/2007,195.27,197.22,193.75,197.22,8100
5/16/2007,196.93,197.85,195.59,195.59,7300
5/17/2007,196.02,197.13,196.02,196.42,7900
5/18/2007,196.45,196.96,194.5,195.1,10600
5/21/2007,195.16,195.16,191.69,192.49,7100
5/22/2007,192.52,192.98,190.77,191.12,3900
5/23/2007,190.89,192.15,189.83,192.15,5000
5/24/2007,192.86,195.64,191.72,195.36,12200
5/25/2007,193.29,194.38,193.29,193.78,6000
5/29/2007,193.07,193.07,191.57,192.09,4900
5/30/2007,193.44,193.44,190.43,190.43,10100
5/31/2007,190,190.6,189.28,190,5800
6/1/2007,189.14,189.17,187.88,188.57,5500
6/4/2007,188.85,188.88,188.11,188.19,2100
6/5/2007,189,190.11,189,189.77,1200
6/6/2007,191.15,192.15,191.12,191.46,3500
6/7/2007,192.46,195.27,191.95,195.16,17700
6/8/2007,195.19,195.99,192.29,192.78,6400
6/11/2007,193.84,194.1,192.38,193.41,2900
6/12/2007,194.56,196.45,194.27,196.1,5000
6/13/2007,195.39,195.79,193.07,193.15,5900
6/14/2007,192.95,192.95,191.98,192.46,1500
6/15/2007,189.63,190.06,189.25,190,4600
6/18/2007,189.65,190.92,189.65,190.49,4300
6/19/2007,191.32,191.32,189.77,189.77,800
6/20/2007,189.54,192.95,189.54,192.81,1200
6/21/2007,194.44,194.44,191.98,192,5200
6/22/2007,192.52,194.56,192.52,193.18,3600
6/25/2007,193.84,195.7,192.52,195.19,5300
6/26/2007,194.37,196.02,193.9,195.55,2400
6/27/2007,196.74,196.74,192.25,192.25,6600
6/28/2007,191.53,192.2,191.18,192.2,3600
6/29/2007,191.56,193.61,190.95,193.61,2000
7/2/2007,193.09,193.09,191.3,191.3,1000
7/3/2007,190.78,190.81,190.4,190.43,3500
7/5/2007,190.08,191.27,189.88,189.94,6800
7/6/2007,190.37,190.37,189.19,189.33,300
7/9/2007,189.22,189.91,189.1,189.39,700
7/10/2007,191.65,192.95,191.24,192.95,1600
7/11/2007,193.12,193.27,192.11,192.11,1400
7/12/2007,189.88,189.88,189.01,189.01,500
7/13/2007,189.56,189.91,188.73,189.16,1500
7/16/2007,194.42,194.42,189.16,190.32,1400
7/17/2007,190.43,190.43,189.56,190.23,900
7/18/2007,191.53,193.41,191.3,191.3,5300
7/19/2007,189.56,190.29,189.56,189.85,1700
7/20/2007,191.07,194.51,191.07,193.59,7100
7/23/2007,193.3,193.82,192.63,193.73,3900
7/24/2007,196.94,200.04,196.8,199.31,5600
7/25/2007,198.42,201.63,197.55,199.89,11700
7/26/2007,203.13,207.18,201.11,204.78,20900
7/27/2007,206.43,210.54,203.57,210.54,18800
7/30/2007,210.22,210.22,205.71,206.63,9600
7/31/2007,204.52,209.7,203.77,209.7,18300
8/1/2007,209.96,211.78,207.42,208.31,22200
8/2/2007,206.49,208.31,206.29,206.29,6000
8/3/2007,206.32,214.59,206.32,214.36,5000
8/6/2007,214.47,217.92,211.21,211.21,26000
8/7/2007,212.36,213.43,207.62,208.86,6900
8/8/2007,206.72,206.72,200.85,203.94,16100
8/9/2007,206.34,207.21,203.22,207.21,11200
8/10/2007,209.9,210.42,202.18,204.55,14400
8/13/2007,202.99,207.56,201.83,207.24,18800
8/14/2007,207.59,211.99,206.72,211.93,7000
8/15/2007,213.09,215.28,208.46,215.28,10300
8/16/2007,215,219.6,209.9,210.28,30000
8/17/2007,202.7,208.54,202.5,205.33,12900
8/20/2007,205.45,207.88,205.19,205.62,2700
8/21/2007,206.03,206.23,204.41,204.75,3300
8/22/2007,202.7,204.2,202.24,202.96,3700
8/23/2007,202.82,205.56,202.82,205.48,4500
8/24/2007,205.48,205.56,203.05,203.28,7600
8/27/2007,203.51,205.33,203.36,205.07,8100
8/28/2007,206.81,211.12,206.75,210.89,4300
8/29/2007,209.18,209.9,205.3,205.45,5600
8/30/2007,207.68,207.68,204.46,206.78,4900
8/31/2007,203.68,205.48,203.51,204.7,3700
9/4/2007,204.55,204.58,200.85,202.32,11100
9/5/2007,204.06,205.51,203.8,204.84,7500
9/6/2007,203.83,205.77,203.57,204.44,4200
9/7/2007,208.02,209.56,207.53,208.02,7300
9/10/2007,207.27,213.23,207.27,210.74,15900
9/11/2007,209.47,209.82,207.21,207.21,25700
9/12/2007,207.5,208.51,206.55,208.51,2700
9/13/2007,207.88,209.04,205.91,207.47,2200
9/14/2007,208.8,210.31,207.73,207.73,1200
9/17/2007,207.73,209.27,207.39,209.04,9900
9/18/2007,208.31,208.34,200.79,200.88,13800
9/19/2007,198.07,198.59,196.51,197.81,9500
9/20/2007,198.76,201.08,198.42,200.04,4400
9/21/2007,198.91,199.34,198.01,199.31,1100
9/24/2007,199.6,201.46,198.85,201.37,2500
9/25/2007,203.02,203.02,201.56,201.74,4000
9/26/2007,200.69,201.16,199.46,200.34,4500
9/27/2007,199.08,200.1,199.08,199.26,1900
9/28/2007,199.23,200.86,198.73,199.81,1800
10/1/2007,199.49,199.64,196.42,196.69,6100
10/2/2007,195.72,196.16,194.61,194.61,4800
10/3/2007,195.14,196.77,195.05,196.36,2600
10/4/2007,195.98,196.54,195.34,195.52,3800
10/5/2007,193.79,194.06,191.34,191.95,4900
10/8/2007,192.57,193.74,191.95,193.06,1800
10/9/2007,192.51,193.79,191.69,191.69,4400
10/10/2007,192.36,193.59,192.01,192.19,3300
10/11/2007,190.87,195.08,190.46,194.35,7100
10/12/2007,193.12,193.3,192.45,193.3,2100
10/15/2007,192.89,196.89,192.89,195.75,5300
10/16/2007,196.28,197.18,196.01,197.15,4500
10/17/2007,195.2,199.23,195.14,196.72,2400
10/18/2007,198.2,198.7,196.39,197.04,7200
10/19/2007,198.26,203.87,198.26,203.78,6700
10/22/2007,206.24,206.24,199.9,200.22,6500
10/23/2007,198.88,201.56,198.35,198.5,3700
10/24/2007,200.66,203.9,199.81,200.6,4900
10/25/2007,199.4,202.65,199.4,202.35,5900
10/26/2007,198.73,200.43,197.59,197.62,2100
10/29/2007,196.6,198.53,196.36,198.09,3300
10/30/2007,198.35,199.75,198.09,199.75,4900
10/31/2007,198.64,200.31,195.93,196.45,9900
11/1/2007,201.83,204.49,200.31,203.7,7800
11/2/2007,203.61,206.33,202.65,203.73,7000
11/5/2007,208.22,208.22,204.49,205.3,4500
11/6/2007,204.78,207.35,202.38,202.41,3900
11/7/2007,205.07,209.22,204.63,209.22,5700
11/8/2007,208.69,212.43,207.2,208.08,22600
11/9/2007,211.61,211.79,208.28,210.24,5100
11/12/2007,203.96,212.02,203.96,211.82,18200
11/13/2007,209.89,209.89,205.42,205.45,13200
11/14/2007,203.02,207.9,203.02,207.9,13100
11/15/2007,214.13,214.13,207.99,210.24,15000
11/16/2007,210.47,213.45,209.66,210.91,10800
11/19/2007,207.99,217.37,207.99,216.49,29600
11/20/2007,220.82,220.82,214.15,216.17,20500
11/21/2007,218.01,220.41,216.58,219.56,12200
11/23/2007,217.51,218.16,213.54,215.26,6500
11/26/2007,215.29,220.96,214.21,220.96,4700
11/27/2007,220.84,220.96,217.51,217.95,9500
11/28/2007,217.34,217.34,209.95,210.53,13700
11/29/2007,211.15,212.75,210.09,211.67,2200
11/30/2007,208.87,212.17,207.29,211.7,15400
12/3/2007,211.7,213.54,211.7,213.54,19200
12/4/2007,216.08,216.46,214.42,215.67,4300
12/5/2007,209.22,213.86,206.06,211.93,5400
12/6/2007,210.62,210.62,206,206,27700
12/7/2007,206.68,207.29,205.8,206.59,2700
12/10/2007,205.95,206.3,204.11,205.01,4100
12/11/2007,204.49,211.79,203.78,211.79,19200
12/12/2007,205.65,212.52,204.78,210.27,6100
12/13/2007,210.94,213.4,210.44,210.65,8300
12/14/2007,213.1,215.03,210.77,214.89,27400
12/17/2007,216.46,218.97,215.5,218.97,7100
12/18/2007,217.05,220.06,214.27,214.42,7400
12/19/2007,215.26,215.67,213.51,213.51,1700
12/20/2007,212.9,215.89,210.2,210.2,6300
12/21/2007,207.03,208.08,206.12,207.17,6300
12/24/2007,204.97,205.03,203.68,203.8,14700
12/26/2007,209.9,209.9,202.42,203.39,7800
12/27/2007,204.65,209.2,203.89,209.17,38700
12/28/2007,207.03,210.72,207.03,209.7,3600
12/31/2007,211.11,213.04,210.34,211.58,41800
1/2/2008,211.31,215.8,210.93,215.07,10200
1/3/2008,214.22,217.44,213.22,217.41,14400
1/4/2008,220.47,224.81,220.06,223.23,105700
1/7/2008,223.55,226.66,221.17,222.52,11800
1/8/2008,222.58,229.86,219.97,229.86,8800
1/9/2008,230.12,234.17,227.16,227.16,67900
1/10/2008,234.58,234.58,222.55,224.75,114900
1/11/2008,227.48,230.21,225.46,230.21,47300
1/14/2008,226.98,229.21,226.16,227.04,12200
1/15/2008,230.24,232.85,229.71,231.53,18700
1/16/2008,232.82,234.38,227.86,231.44,76300
1/17/2008,231.09,238.01,230.3,237.28,73500
1/18/2008,236.17,242.74,234.29,239.98,17700
1/22/2008,270.35,270.35,236.49,240.92,48300
1/23/2008,249.58,265.1,231.76,234.14,98000
1/24/2008,231.56,235.76,229.01,233.2,17000
1/25/2008,229.27,236.08,229.27,234.46,10500
1/28/2008,236.25,237.69,230.33,230.62,32500
1/29/2008,229.62,231.47,228.07,229.04,8200
1/30/2008,230.8,233.2,225.69,232.79,50000
1/31/2008,235.93,236.4,224.66,226.6,63500
2/1/2008,224.78,226.34,220.91,221.26,15400
2/4/2008,221.08,224.02,221.08,223.69,4500
2/5/2008,226.95,230.39,225.28,229.24,10600
2/6/2008,227.48,233.73,226.86,233.73,6000
2/7/2008,236.72,236.72,228.45,229.5,9300
2/8/2008,231.41,232.23,228.16,231.56,8000
2/11/2008,231.56,233.7,229.45,231.06,7100
2/12/2008,229.18,230.68,226.57,229.68,14300
2/13/2008,225.95,227.57,223.87,223.87,47900
2/14/2008,224.63,229.36,224.31,228.48,13200
2/15/2008,230.44,232.56,229.65,230.94,70100
2/19/2008,232.67,232.67,226.37,229.97,7800
2/20/2008,231.65,232.15,227.13,227.13,8400
2/21/2008,225.84,232.35,224.08,231.71,10100
2/22/2008,232.47,236.11,231.82,232.06,15800
2/25/2008,232.32,233.03,226.92,227.1,11000
2/26/2008,228.89,228.89,222.73,224.55,21300
2/27/2008,227.3,227.3,223.02,225.78,21300
2/28/2008,228.24,229.65,226.19,228.57,29900
2/29/2008,231.18,235.9,230.94,234.35,32400
3/3/2008,237.46,238.92,233.85,235.37,15900
3/4/2008,239.45,240.54,235.55,236.69,21100
3/5/2008,235.34,238.34,234.17,235.9,13500
3/6/2008,237.25,243.18,236.67,242.68,26300
3/7/2008,246.2,246.38,240.63,244.59,39600
3/10/2008,244.35,250.57,243.12,249.4,19600
3/11/2008,241.8,246.2,237.57,237.6,27400
3/12/2008,238.48,240.8,235.7,240.07,28800
3/13/2008,243.83,245.41,235.84,236.52,26400
3/14/2008,234.46,244.91,234.46,242.24,38600
3/17/2008,249.4,249.4,242.94,246.08,19600
3/18/2008,240.25,243.44,234.26,235.17,32100
3/19/2008,235.87,240.42,231.94,240.27,16500
3/20/2008,242.53,242.53,234.32,235.87,14700
3/24/2008,233.53,234.2,226.28,227.54,20600
3/25/2008,226.82,229.34,226.32,226.61,9500
3/26/2008,227.43,229.43,226.93,227.34,10500
3/27/2008,227.61,230.7,226.96,230.4,22900
3/28/2008,230.58,234.05,229.52,233.58,16300
3/31/2008,233.32,234.2,230.52,232.2,4100
4/1/2008,232.08,232.08,224.14,224.46,10900
4/2/2008,224.34,225.58,222.58,223.99,4700
4/3/2008,225.99,225.99,222.73,223.4,8600
4/4/2008,223.34,225.05,221.26,223.46,6100
4/7/2008,221.76,224.67,221.52,224.08,6100
4/8/2008,226.14,226.14,223.67,224.05,28400
4/9/2008,223.52,229.05,223.34,228.52,7200
4/10/2008,228.37,228.37,224.7,225.61,4200
4/11/2008,228.14,232.29,228.14,231.73,12100
4/14/2008,231.84,232.84,230.32,232.37,8100
4/15/2008,230.49,232.82,230.32,230.32,14500
4/16/2008,227.87,227.87,223.17,223.73,48900
4/17/2008,224.23,226.46,224.2,224.58,17400
4/18/2008,220.82,222.26,219.9,221.08,14600
4/21/2008,222.49,223.08,221.26,221.64,4800
4/22/2008,223.76,228.26,223.64,226.05,85300
4/23/2008,225.64,226.93,224.26,224.9,6000
4/24/2008,225.08,227.79,220.73,222.11,12300
4/25/2008,221.17,224.14,219.7,220.61,8600
4/28/2008,220.73,221.9,218.7,219.49,21400
4/29/2008,219.4,222.79,219.4,221.4,22300
4/30/2008,220.64,223.46,218.93,222.46,17300
5/1/2008,222.61,222.61,217.99,218.29,14200
5/2/2008,216.05,219.52,215.99,218.85,33900
5/5/2008,219.49,220.82,219.14,219.76,4900
5/6/2008,221.02,221.55,217.64,217.85,2900
5/7/2008,218.05,222.49,217.4,222.26,2800
5/8/2008,221.49,222.93,221.14,221.55,3700
5/9/2008,223.14,223.58,220.7,220.7,5200
5/12/2008,220.87,221.02,217.05,217.08,3200
5/13/2008,217.35,218.29,215.61,215.76,8100
5/14/2008,215.82,216.46,213.58,216.29,39600
5/15/2008,216.17,216.93,213.85,213.99,1900
5/16/2008,213.14,217.29,213.11,214.79,7100
5/19/2008,214.79,216.17,212.58,215.23,12700
5/20/2008,216.23,217.87,215.87,216.17,9100
5/21/2008,215.67,219.76,214.08,218.79,16300
5/22/2008,218.37,218.37,216.14,217.46,4600
5/23/2008,218.2,221.17,218.08,219.76,8000
5/27/2008,219.23,219.23,216.73,216.82,7100
5/28/2008,215.67,217.55,215.55,215.64,2200
5/29/2008,215.26,215.46,211.76,213.43,4400
5/30/2008,213.08,214.11,212.32,213.17,3200
6/2/2008,213.4,216.9,213.4,214.43,3900
6/3/2008,214.17,217.37,213.17,214.9,3300
6/4/2008,216.17,216.17,212.02,213.99,13200
6/5/2008,213.61,213.61,207.85,207.85,16600
6/6/2008,209.61,214.35,209.61,214.35,7800
6/9/2008,214.29,217.52,213.99,215.32,13500
6/10/2008,217.37,217.99,216.32,216.64,10800
6/11/2008,217.14,221.11,217.14,220.99,9700
6/12/2008,219.7,221.29,217.26,220.52,16200
6/13/2008,218.52,219.14,216.4,216.4,6400
6/16/2008,216.93,217.26,214.26,214.58,5400
6/17/2008,213.55,215.37,213.55,215.37,5500
6/18/2008,216.49,218.61,216.29,217.2,8000
6/19/2008,217.29,218.11,215.23,215.23,10300
6/20/2008,216.49,220.52,216.37,218.82,15200
6/23/2008,217.67,220.82,217.61,220.64,9100
6/24/2008,221.98,224.31,220.77,223.93,27600
6/25/2008,223.57,223.57,220.1,221.95,21000
6/26/2008,224.19,227.61,223.99,226.75,7600
6/27/2008,227.52,229.14,225.9,227.28,14100
6/30/2008,227.05,230.08,226.22,229.76,7900
7/1/2008,232.5,234.41,217.24,229.46,15800
7/2/2008,229.49,236.09,228.29,236.09,15200
7/3/2008,235.38,239.42,235.03,238.01,11500
7/7/2008,236.83,243.07,235.41,240.33,21100
7/8/2008,240.19,241.66,231.41,231.41,23700
7/9/2008,231.56,238.42,231.23,238.42,14200
7/10/2008,238.68,238.77,233.56,235.65,26700
7/11/2008,237.98,239.63,232.47,234.21,20900
7/14/2008,232.26,238.8,232.14,237.68,25400
7/15/2008,240.54,243.84,234.21,238.74,37400
7/16/2008,237.77,239.16,229.55,230.17,15300
7/17/2008,228.7,230.85,226.37,226.96,11500
7/18/2008,225.4,229.05,225.4,227.87,18400
7/21/2008,226.64,227.93,225.52,225.52,5300
7/22/2008,227.52,228.02,219.74,219.74,8100
7/23/2008,220.1,220.42,216.77,219.15,12000
7/24/2008,220.16,224.66,219.74,223.72,5600
7/25/2008,222.87,223.78,220.33,221.92,8500
7/28/2008,222.42,226.7,221.84,226.11,7100
7/29/2008,225.58,225.58,219.92,220.42,9200
7/30/2008,219.3,222.16,217.86,218.89,8300
7/31/2008,221.92,221.92,218.36,220.51,17400
8/1/2008,220.69,222.75,219.13,220.1,20400
8/4/2008,220.36,224.49,220.36,223.43,13500
8/5/2008,220.98,221.51,218.04,218.68,22500
8/6/2008,218.74,220.01,216.09,216.71,21500
8/7/2008,218.95,220.92,217.18,220.75,10500
8/8/2008,220.16,220.36,213.71,214.5,13200
8/11/2008,214.18,214.18,207.2,209.43,15200
8/12/2008,210.02,211.5,209.2,210.85,5800
8/13/2008,210.91,213.06,209.17,210.02,12100
8/14/2008,210.85,211,207.4,208.37,23700
8/15/2008,206.69,210.26,205.6,208.67,17800
8/18/2008,208.23,212.91,208.02,211.91,10400
8/19/2008,212.79,216.15,212.67,215.18,13200
8/20/2008,213.85,216.71,212.35,214.35,36600
8/21/2008,215.97,217.39,214.88,216.65,14200
8/22/2008,215.56,215.56,212.41,212.59,17600
8/25/2008,214.03,218.59,214.03,217.56,14300
8/26/2008,217.53,218.98,215.94,217.03,11400
8/27/2008,216.42,216.42,213.26,214.26,6600
8/28/2008,213.47,213.82,209.67,209.93,25300
8/29/2008,211.23,212.88,210.29,212.35,74700
9/2/2008,207.67,214.32,207.31,212.06,28100
9/3/2008,212.23,213.2,209.73,211.05,21900
9/4/2008,212.85,218.74,212.7,217.89,28200
9/5/2008,218.68,222.75,216.92,218.12,28300
9/8/2008,211.14,216.71,210.14,213.62,49700
9/9/2008,213.62,221.16,212,221.16,39500
9/10/2008,218.54,221.6,216.59,218.8,22700
9/11/2008,221.16,223.22,217.15,217.15,20800
9/12/2008,218.89,219.8,216.06,216.06,13900
9/15/2008,223.63,226.49,218.74,225.58,30900
9/16/2008,229.85,229.99,219.18,219.18,109200
9/17/2008,222.75,230.41,222.75,230.35,42000
9/18/2008,223.93,231.53,214.71,216.68,52700
9/19/2008,197.24,209.14,163.81,206.19,95800
9/22/2008,204.84,214.06,178.59,213.94,9600
9/23/2008,213.94,217.56,212.5,217.56,11400
9/24/2008,216.33,221.17,216.33,221.17,7300
9/25/2008,219.66,220.02,215.38,218.1,20500
9/26/2008,223.29,223.29,217.77,217.77,14900
9/29/2008,222.55,234.33,222.47,234.33,26200
9/30/2008,232.09,233.06,223.88,224.65,15700
10/1/2008,227.48,230.32,227.16,227.93,13800
10/2/2008,230.17,240.11,229.49,238.99,12800
10/3/2008,236.75,246.58,232.38,245.16,49500
10/6/2008,251.59,267.71,250.98,253.81,37400
10/7/2008,252.27,271.9,252.27,271.9,36900
10/8/2008,280.96,282.32,265.47,278.6,53800
10/9/2008,272.73,301.44,271.07,300.62,33500
10/10/2008,315.84,320.77,282.11,287.95,34200
10/13/2008,273.4,278.86,260.36,260.36,16100
10/14/2008,251.54,274.38,251.54,267.65,25300
10/15/2008,272.78,293.41,272.78,292.65,36100
10/16/2008,290.11,302.98,272.11,272.17,32700
10/17/2008,283.06,284.47,263.81,279.43,10800
10/20/2008,275,278.07,267.09,267.09,12300
10/21/2008,270.84,275.94,267.77,275.12,5500
10/22/2008,281.79,293.65,278.3,289.78,30200
10/23/2008,287.04,309.88,286.27,296.99,16900
10/24/2008,320.21,323.07,301.85,307.08,14900
10/27/2008,314.93,320.95,304.84,320.95,14000
10/28/2008,316.29,328.77,297.37,297.37,54200
10/29/2008,296.99,300.26,283.03,294.48,7400
10/30/2008,285.12,290.05,278.72,278.83,7100
10/31/2008,279.84,283.08,264.46,266.44,11300
11/3/2008,266.97,267.47,262.87,266.35,6200
11/4/2008,260.86,267.65,259.68,262.54,6400
11/5/2008,265.08,277.86,263.84,276.47,7000
11/6/2008,279.16,287.13,276.41,286.21,16100
11/7/2008,284.89,287.95,279.51,281.34,5400
11/10/2008,274.82,290.32,274.82,287.66,10100
11/11/2008,290.67,295.92,285.45,293.86,22100
11/12/2008,298.87,312.1,297.72,311.33,33500
11/13/2008,309.85,327.03,284.47,284.47,40200
11/14/2008,291.7,307.4,283.73,306.96,49600
11/17/2008,308.7,311.36,300.85,309.47,17700
11/18/2008,308.94,323.34,303.98,311.36,21300
11/19/2008,312.24,336.56,310.06,336.21,23300
11/20/2008,339.37,360.05,331.4,358.37,32100
11/21/2008,351.85,372.21,337.59,338.54,134300
11/24/2008,333.79,337.03,311.33,315.61,42400
11/25/2008,310.24,321.04,309.73,310.18,111000
11/26/2008,316.88,316.94,291.47,291.67,119800
11/28/2008,295.13,295.75,287.33,287.75,40900
12/1/2008,296.01,323.99,295.13,321.1,82100
12/2/2008,315.37,320.95,302.62,302.62,205500
12/3/2008,310.5,311.3,292.2,294,131900
12/4/2008,299.38,309.14,288.63,304.01,128700
12/5/2008,309.53,315.73,288.99,289.81,166400
12/8/2008,282.49,284.29,274.23,277.03,95500
12/9/2008,279.34,287.66,269.54,285.24,108300
12/10/2008,282.11,284.68,274.59,278.81,134400
12/11/2008,281.34,295.48,277.92,293.06,103700
12/12/2008,300.64,301.29,282.17,282.46,147800
12/15/2008,280.34,296.07,279.37,291.7,90200
12/16/2008,272.9,286.89,271.25,272.9,110400
12/17/2008,274.85,276.03,265.76,270.01,60900
12/18/2008,270.07,277.8,265.2,272.96,138000
12/19/2008,268.51,272.84,262.93,270.9,80200
12/22/2008,269.1,284.56,269.1,276.59,75500
12/23/2008,273.12,281.04,272.08,279.96,30700
12/24/2008,278.84,282.44,277.24,277.96,17400
12/26/2008,275.64,279.04,274.04,274.04,18700
12/29/2008,275.32,283.52,274.36,280.56,35300
12/30/2008,277.32,277.92,270.16,270.8,23800
12/31/2008,270,270.4,258.6,264.04,28100
1/2/2009,261.56,264,256.48,258.56,29700
1/5/2009,257.6,262.92,256.2,257.88,40200
1/6/2009,255.04,257.28,250.68,253.44,55600
1/7/2009,258.88,264.4,257.4,261.96,65800
1/8/2009,263.24,264.12,259.04,259.52,57300
1/9/2009,262.32,270.28,262.12,269.72,59100
1/12/2009,270.24,278.24,269.6,276.84,73700
1/13/2009,277.76,278.92,272.08,273.88,95300
1/14/2009,279.64,286.4,277.6,285.4,130000
1/15/2009,285.2,294.72,277.68,280.72,157100
1/16/2009,274.92,287.04,274.6,278,74300
1/20/2009,281.16,296.92,279.6,296.92,142000
1/21/2009,292.08,298.48,280.72,281.48,136500
1/22/2009,287.88,294.8,282.76,289.12,208900
1/23/2009,297.36,298.36,284.48,287.96,113500
1/26/2009,288.68,289.56,279.12,285.24,78100
1/27/2009,283.72,286,279.16,281.44,79000
1/28/2009,276.32,277,269.04,270.84,89700
1/29/2009,274.36,281.84,273.84,281.48,67500
1/30/2009,278.6,288.8,277.28,286.56,88800
2/2/2009,291.84,291.92,282.44,283.48,100400
2/3/2009,281.36,286.04,279.6,281.96,63900
2/4/2009,282.04,285.96,276.16,284.2,93900
2/5/2009,286.96,288.16,276.6,280.72,102400
2/6/2009,280.6,281.64,269.72,270.96,108100
2/9/2009,272.08,275.16,270,272.16,74600
2/10/2009,274.08,285.28,270.16,284.24,152200
2/11/2009,282.32,287.68,280.84,283.28,108200
2/12/2009,288.04,291.56,280.84,280.84,103000
2/13/2009,282,284.52,277.76,284.44,90100
2/17/2009,294.52,295.72,290.8,295.08,154500
2/18/2009,292.44,300.44,292.4,298.56,126000
2/19/2009,295.72,304.04,294.68,303.4,69400
2/20/2009,309.64,314.52,304,307.52,179000
2/23/2009,305.6,320,305.28,319.44,129200
2/24/2009,315.28,318.64,304.96,306.68,80900
2/25/2009,308.64,318.52,306.76,313.52,82100
2/26/2009,310.4,320.84,309.12,319.68,61600
2/27/2009,325.24,325.64,315.6,322.92,120600
3/2/2009,329.72,340.68,328.12,339.84,95900
3/3/2009,334.8,348.24,334.56,346.72,119400
3/4/2009,341.08,346.28,332.6,337.84,126500
3/5/2009,346.28,357.52,341.92,356.4,146000
3/6/2009,352.96,363.88,348.04,355.32,157100
3/9/2009,359.24,364.2,350.48,362.96,145000
3/10/2009,353.88,355.44,337.64,338.6,105200
3/11/2009,335.04,341.32,328.48,338.64,90400
3/12/2009,340.12,343.72,315.24,317.72,94000
3/13/2009,314.16,318.6,311.36,313.68,57000
3/16/2009,310.36,320.2,307.32,319.6,63200
3/17/2009,319.28,321.24,305.08,305.08,73700
3/18/2009,305.96,308.68,291.88,294.52,94900
3/19/2009,289.6,299,289.6,297.12,59500
3/20/2009,294.2,307.12,293.64,306.8,28900
3/23/2009,297.04,299.44,281,281,83100
3/24/2009,284.88,292.28,282.4,292.24,23300
3/25/2009,289.24,297.36,280,284.6,36500
3/26/2009,280.04,282.92,272.6,272.6,30300
3/27/2009,277.6,282.12,275.44,281.92,74800
3/30/2009,290.2,295.72,289.2,289.72,30900
3/31/2009,286.36,290.48,278.6,286.8,36800
4/1/2009,291.76,292.96,280.96,282.2,66300
4/2/2009,273.36,275.28,264.16,268.36,60600
4/3/2009,268.64,270.88,264,264,31900
4/6/2009,267.72,273,267,269,45300
4/7/2009,273.36,278.72,271,278.16,26700
4/8/2009,275.92,278.16,271.76,271.76,26900
4/9/2009,264.6,266.08,256.6,256.92,37000
4/13/2009,258.68,261.6,254.52,256.12,61100
4/14/2009,260.32,264.04,257.36,263.8,31200
4/15/2009,265.76,265.84,258.96,259.72,38500
4/16/2009,256.72,261,250.24,252.36,43800
4/17/2009,251.84,254.4,247.2,249.44,38300
4/20/2009,255.12,263.04,254,262.64,99100
4/21/2009,264.2,264.44,252.4,253.2,37400
4/22/2009,257.32,257.84,246.64,252.84,129400
4/23/2009,252.24,258.32,251.8,254.08,110600
4/24/2009,251.64,253.92,245.8,249.24,66300
4/27/2009,253.4,254.4,248.6,252.4,76500
4/28/2009,255.04,255.48,247.12,251.36,40000
4/29/2009,248.12,248.88,238.72,241.48,70400
4/30/2009,238.16,243.64,235.64,243.64,35500
5/1/2009,243.32,244.36,240.24,242.8,32800
5/4/2009,240,241,233.28,233.56,50500
5/5/2009,234.72,238,233.92,235.08,21100
5/6/2009,231.96,238.36,230.92,234.4,37000
5/7/2009,230.28,241.48,229.8,239.44,31500
5/8/2009,235.36,237.64,230.48,231.2,31700
5/11/2009,235.6,236.64,233.04,234.96,94000
5/12/2009,233.12,241.8,232.04,238.24,41600
5/13/2009,241.88,248.96,241.52,248.76,88400
5/14/2009,248.36,249.96,241.12,245.24,122000
5/15/2009,245.64,248.52,242.8,246.6,63000
5/18/2009,243.48,244.12,236.72,237.28,95800
5/19/2009,237.52,240.32,234.88,237.8,61200
5/20/2009,235.56,240.04,231.2,239.64,54600
5/21/2009,242.76,246.92,240.84,243.04,62700
5/22/2009,241.76,245.28,241.28,245.28,37200
5/26/2009,247.68,247.68,233.32,233.76,88900
5/27/2009,235.36,238.36,232.44,238.28,40000
5/28/2009,236.16,242.84,235.44,237.56,21500
5/29/2009,236.76,238,232.56,232.56,34600
6/1/2009,227.64,228.52,222.6,223.88,64100
6/2/2009,224.04,225.4,220,220.76,37900
6/3/2009,222.64,225.24,222.2,222.2,29600
6/4/2009,221.16,223.8,218.96,219.16,24100
6/5/2009,217.08,221.2,216.84,219.04,28600
6/8/2009,220.8,223.8,218.92,221.48,34400
6/9/2009,220.32,221.52,218.72,220.64,24500
6/10/2009,218.28,225.6,218.28,221.48,33800
6/11/2009,221.2,221.64,217.84,221.64,46900
6/12/2009,223.08,224.28,220.6,220.72,27900
6/15/2009,223.72,228.96,223.68,226.52,35400
6/16/2009,224.84,231.24,224.48,230.36,82500
6/17/2009,230.52,232.72,226.48,229,101700
6/18/2009,229.24,231.28,226.76,227.8,57900
6/19/2009,224.96,227.48,224.2,226.6,36400
6/22/2009,228.28,234.84,228.16,234.76,93800
6/23/2009,233.28,237.04,232.6,236.48,102100
6/24/2009,234.36,235.28,231,234.12,86600
6/25/2009,236.36,236.36,227.36,227.36,86100
6/26/2009,228.6,229.36,225.04,227.2,52100
6/29/2009,226.04,230,224.96,226.52,35000
6/30/2009,226.4,228.36,224.76,227.08,30400
7/1/2009,225.8,225.96,221.84,223.48,33500
7/2/2009,227.12,232,227.12,231,49400
7/6/2009,233.08,237.04,232,233.4,115400
7/7/2009,233.72,238.28,233.08,238.12,64900
7/8/2009,237.32,243.76,236.56,240.08,174200
7/9/2009,238.84,241.12,238,240.88,93300
7/10/2009,242.24,243.48,238.84,239.68,78300
7/13/2009,238.8,243,233.6,234.12,76900
7/14/2009,233.92,235,231.6,232.28,64800
7/15/2009,227.96,228.96,222.76,223.64,124700
7/16/2009,224.12,224.68,219.32,220.36,60800
7/17/2009,219.88,221.92,219.88,221.28,35100
7/20/2009,219.84,220.76,217.8,218.56,76900
7/21/2009,216.28,221.64,216.28,218.88,127600
7/22/2009,220,220.2,215.8,217.32,39400
7/23/2009,217,217.44,209.08,210.08,79400
7/24/2009,211.56,212.44,208.92,208.92,41900
7/27/2009,208.84,210.56,207.56,208.16,25000
7/28/2009,209.36,210.92,206.12,208.04,47700
7/29/2009,209.24,210.08,208.08,208.92,34100
7/30/2009,206,206.88,203,205.56,45200
7/31/2009,206.16,206.48,203.6,206.48,38400
8/3/2009,203.64,206,202.48,202.52,34000
8/4/2009,203.92,203.92,199.8,200.68,31700
8/5/2009,200.52,204.44,200.36,202.48,114600
8/6/2009,201.44,205.76,201.32,205.12,40100
8/7/2009,202.08,203.24,197.6,200.32,73900
8/10/2009,200.92,201.4,198.92,200,32800
8/11/2009,200.84,204.08,200.56,203.04,36800
8/12/2009,203.16,203.16,197.6,200,75800
8/13/2009,198.4,201.28,197.8,198.28,45400
8/14/2009,198.76,204.44,198.6,202.36,57200
8/17/2009,206.32,208.6,206.24,208.2,93900
8/18/2009,206.8,207.8,204.2,205.4,59600
8/19/2009,207.84,208.12,202.8,203.12,57700
8/20/2009,203.2,203.72,200.24,200.56,46200
8/21/2009,198.68,198.76,195.36,196.16,42700
8/24/2009,195.32,197.04,193.88,196.24,51400
8/25/2009,195.24,195.8,193.28,195.2,42200
8/26/2009,195.44,196.32,193.92,195.04,34400
8/27/2009,195.16,199.04,194.44,195.04,44100
8/28/2009,193,197.56,192.56,196.28,51800
8/31/2009,198.2,200.08,197.76,199.16,79500
9/1/2009,200.32,204.4,196,204,98400
9/2/2009,204.76,205.28,203.16,204.8,74400
9/3/2009,203.64,206,202.24,202.4,75300
9/4/2009,202.68,203.76,199.44,199.6,55800
9/8/2009,197.32,199.44,197.2,197.48,55300
9/9/2009,197.16,197.72,192.6,193.92,54600
9/10/2009,193.88,195.36,190.84,191.12,39200
9/11/2009,190.76,192.12,189.56,191.32,35200
9/14/2009,192.84,193.04,189.24,189.4,40400
9/15/2009,189.36,190.04,187.2,187.56,45200
9/16/2009,186.8,187.28,183.64,183.64,137300
9/17/2009,183.76,185.08,182.12,184.08,52600
9/18/2009,183,185.2,182.88,183.36,20900
9/21/2009,185.04,185.28,183.52,183.8,23900
9/22/2009,182.64,183.72,181.96,182.52,28900
9/23/2009,182.2,184.6,180.76,184.48,29700
9/24/2009,184,189.2,183.4,188,49200
9/25/2009,188.88,190,187.72,189.2,36600
9/28/2009,187.88,188.32,183.52,184.48,42000
9/29/2009,184.44,185.6,183.08,185.2,46400
9/30/2009,185,189.72,184.76,187.36,59300
10/1/2009,188.08,193.56,187.96,193.56,88100
10/2/2009,195.4,196.12,193,194.68,169100
10/5/2009,193.8,194.4,190.44,191.04,58900
10/6/2009,189.68,190.04,186.6,187.64,103300
10/7/2009,188.08,188.52,186.92,187.24,46500
10/8/2009,185.68,186.8,183.88,185.76,86700
10/9/2009,185.56,185.8,183.4,183.48,26600
10/12/2009,182.72,184.44,181.68,183.56,39800
10/13/2009,183.96,186,183.36,184.36,25600
10/14/2009,181.52,182.96,180.36,180.68,39100
10/15/2009,181.72,183.92,180.4,180.68,37600
10/16/2009,182.04,184.2,181.76,182.6,107900
10/19/2009,182.2,183.68,180.24,181.24,177100
10/20/2009,180.88,184.64,180.8,183.72,67200
10/21/2009,184.04,186.44,180.48,186.28,83100
10/22/2009,186.36,188.36,182.8,183.6,110800
10/23/2009,183,187.68,182.56,187.36,212000
10/26/2009,186.84,189.92,183.92,189.2,150700
10/27/2009,188.92,191.64,187.88,191.44,145800
10/28/2009,191.96,198.52,191.28,197.92,245300
10/29/2009,195.88,196.6,192.72,193.76,176200
10/30/2009,194.72,200.36,194.6,199.6,296700
11/2/2009,198.08,202.64,196.32,199.56,324600
11/3/2009,200.8,201.36,196.44,196.44,143600
11/4/2009,195.28,199.08,194.4,199.08,178100
11/5/2009,196.72,197.28,192.56,193,156800
11/6/2009,194.96,195.4,191.16,192.72,122100
11/9/2009,191,191.12,188.56,188.56,141700
11/10/2009,189.12,191.52,188,190.2,180800
11/11/2009,188.4,190.12,186.8,188.6,191300
11/12/2009,188.56,192.68,187.24,192.32,131500
11/13/2009,191.64,193.92,189.48,190.2,141400
11/16/2009,188.96,189,183.96,185.24,134100
11/17/2009,185.88,186.76,184.6,185.12,62000
11/18/2009,185.08,187.24,184.84,185.64,45100
11/19/2009,187.52,191.64,187.16,190.24,92700
11/20/2009,191.68,192.04,189.76,190.52,89400
11/23/2009,187.68,188.12,184.76,187,94000
11/24/2009,187.12,190.12,187,187.88,101000
11/25/2009,186.68,188.16,186.44,187.96,39300
11/27/2009,195,195.12,190.08,192.6,139700
11/30/2009,193.16,195.96,191.56,192,160600
12/1/2009,189.84,190.56,188,188.68,110000
12/2/2009,188.48,188.56,184.92,186.68,151400
12/3/2009,185.6,188.92,184.48,188.76,127500
12/4/2009,184.76,187.76,182.56,184.28,183800
12/7/2009,184.2,185.04,182.96,183.76,86100
12/8/2009,184.88,187.24,183.92,185.48,60200
12/9/2009,185.44,187.52,185.12,185.64,48100
12/10/2009,184.92,187.28,183.96,186.68,53300
12/11/2009,185.2,187,184.48,184.84,42600
12/14/2009,183.24,185.28,181.8,181.8,95100
12/15/2009,182.16,182.76,180.6,182.48,66900
12/16/2009,181.32,182.24,180.28,181.2,42300
12/17/2009,182.4,184.52,181.72,183.28,77700
12/18/2009,181.88,184.08,181.64,181.76,47800
12/21/2009,180.24,180.24,178.76,179.16,94200
12/22/2009,178.88,179.28,177,177.44,59600
12/23/2009,176.24,177.4,175,175.08,68300
12/24/2009,174.52,175.04,174.36,174.52,37800
12/28/2009,173.8,175.44,173.72,174.6,44200
12/29/2009,174.16,174.88,174.12,174.88,44800
12/30/2009,175.32,176.28,174.24,174.68,36400
12/31/2009,174.68,177.28,173.84,177.28,53600
1/4/2010,174.44,174.44,172.44,172.6,66300
1/5/2010,172.76,173.8,172,173,36100
1/6/2010,173.08,173.68,172.2,173.24,59700
1/7/2010,173.12,174.76,171.88,171.96,32700
1/8/2010,172.76,173,171,171,39100
1/11/2010,170.28,172.32,170.12,171.48,66300
1/12/2010,172.72,174.32,172.12,173.64,36500
1/13/2010,173.12,174.28,171.04,171.24,28300
1/14/2010,171.88,172.2,170.16,170.68,41800
1/15/2010,170.68,174.28,170.32,173.08,43800
1/19/2010,172.6,172.6,170,170.16,334900
1/20/2010,171.2,174.28,171.2,172.44,282100
1/21/2010,172.36,175.88,171.08,175.28,106300
1/22/2010,175.64,179.16,174.8,178.56,84900
1/25/2010,177.6,179.56,177.32,178.36,53800
1/26/2010,178.92,180.2,177.64,180,74300
1/27/2010,180.84,181.44,178,178.24,95800
1/28/2010,177.64,182.68,177.64,180.96,72600
1/29/2010,180.32,183.44,178.36,183.12,122900
2/1/2010,182.2,182.96,180.6,180.92,67900
2/2/2010,180.52,181.48,178.8,179,72900
2/3/2010,179.64,181.48,178.56,180.08,47100
2/4/2010,181.36,186.28,181.28,186.16,137600
2/5/2010,185.84,189.4,185.24,185.4,235300
2/8/2010,186.08,187.44,184.48,187.2,94700
2/9/2010,185.04,187,183.4,184.76,124300
2/10/2010,185.12,187.12,183.8,184.4,72600
2/11/2010,184.52,186.12,181.2,181.24,87000
2/12/2010,183.04,183.56,179.68,179.68,121400
2/16/2010,177.84,179.48,176.6,176.76,106100
2/17/2010,175.76,176.8,175.12,175.56,95500
2/18/2010,175.44,176,173.96,174,93200
2/19/2010,174.76,174.92,172.96,173.72,119700
2/22/2010,172.8,173.84,172.68,173.32,103900
2/23/2010,173.48,175.76,173.32,175.36,58900
2/24/2010,174.76,175.2,173,173.76,28800
2/25/2010,176.2,176.68,173.64,173.84,76900
2/26/2010,173.6,175.36,173.36,174.4,55100
3/1/2010,173.16,173.16,170.24,170.44,113700
3/2/2010,169.72,170.04,168.08,168.92,218900
3/3/2010,168.28,168.96,167.16,168.36,60800
3/4/2010,168,168.68,167.56,167.68,22600
3/5/2010,166.52,167.04,163.92,164.32,104500
3/8/2010,164.12,164.32,163.48,164,43500
3/9/2010,164.08,164.08,162.08,163.32,49400
3/10/2010,163.12,163.12,161.08,161.96,60100
3/11/2010,162.88,163.52,161.24,161.52,36800
3/12/2010,160.48,162.44,160.48,161.52,92200
3/15/2010,161.64,163.2,161.36,162,35600
3/16/2010,161.28,162.2,160.56,160.68,69500
3/17/2010,160.16,160.32,158.76,159.64,97400
3/18/2010,159.68,160.44,158.96,160.04,47900
3/19/2010,162.24,162.76,159.6,162.24,104300
3/22/2010,163.36,163.64,159.56,159.84,55000
3/23/2010,159.68,160.36,157.76,157.8,52100
3/24/2010,158.68,159.6,158.12,159.6,54200
3/25/2010,158.12,160.68,157.08,160.6,104100
3/26/2010,160,161.28,158.84,160.64,55700
3/29/2010,160,160.56,159.36,159.76,28500
3/30/2010,159.56,160.44,158.52,159.4,50300
3/31/2010,159.96,161.6,158.28,160.6,71600
4/1/2010,159.4,160.68,158.52,159.2,46600
4/5/2010,158.6,159.04,156.04,156.04,46000
4/6/2010,156.68,156.92,154.8,155.24,81400
4/7/2010,155.32,156.64,154.8,155.68,39000
4/8/2010,156.2,157.32,155,155.76,55500
4/9/2010,155.68,156.52,154.8,154.96,35100
4/12/2010,154.76,155,153.88,154.28,37600
4/13/2010,154.48,155.52,153.8,154,38200
4/14/2010,152.92,153.2,150.56,150.56,93300
4/15/2010,150.6,150.76,149.8,150.08,66700
4/16/2010,150.52,153.16,150,152.08,145200
4/19/2010,153.04,154.92,151.56,152.84,125900
4/20/2010,151.88,152.6,150.72,150.72,49300
4/21/2010,150.52,151.08,149.4,149.72,74400
4/22/2010,151.28,151.92,147.8,148,86700
4/23/2010,147.76,148.52,146.4,146.44,94500
4/26/2010,146.36,147.08,145.44,147.08,71300
4/27/2010,147.52,150.64,146.32,150.48,157600
4/28/2010,149.48,150.76,149.08,150.08,584200
4/29/2010,148.92,149.84,146.92,146.92,139500
4/30/2010,147,151.32,146.72,151.28,82200
5/3/2010,150.4,150.4,147.8,147.92,184400
5/4/2010,150.12,153.4,150.12,152.48,159200
5/5/2010,153.84,155.88,152.56,154.72,309600
5/6/2010,155.88,174.88,154.16,160.52,352200
5/7/2010,162,166.88,159.8,165,393300
5/10/2010,156.88,158.52,155.72,155.88,262200
5/11/2010,157.72,158.16,152.4,154.64,157000
5/12/2010,154,154,149.88,150.04,191400
5/13/2010,150.32,152.16,149,151.4,141800
5/14/2010,152.48,156.36,152.48,154.44,189100
5/17/2010,153.44,158.36,152.12,154.16,184000
5/18/2010,152,157.52,151.6,156.88,187800
5/19/2010,157.8,161.04,156,158.92,302300
5/20/2010,163.04,167.12,162.32,167.04,427300
5/21/2010,169.8,170.44,163,164.52,329300
5/24/2010,165.24,166.76,163.6,166.64,148100
5/25/2010,170.28,173.08,166.56,166.64,288100
5/26/2010,165.96,167.04,162,166.28,218700
5/27/2010,161.88,163.28,159.04,159.04,165900
5/28/2010,159.52,162.24,158.88,161,158400
6/1/2010,162.76,166.12,160.56,166.08,150700
6/2/2010,164.96,166.48,161.16,161.28,135000
6/3/2010,160.92,161.64,158.68,159.12,95600
6/4/2010,163.48,167.64,162.12,167.2,327400
6/7/2010,166.4,171.64,165.8,171.56,260100
6/8/2010,171,174.84,169.6,171.72,333900
6/9/2010,170.28,172.4,167.24,171.44,231700
6/10/2010,168.2,169,165.52,165.6,197400
6/11/2010,167.52,167.76,163.08,163.16,140100
6/14/2010,161.04,162.68,159.28,162.36,224400
6/15/2010,160.88,161.44,157.68,158.12,137200
6/16/2010,159.52,159.8,157.12,158.72,102400
6/17/2010,157.72,160.4,157.72,158.56,76800
6/18/2010,158,159.32,157.2,158.52,75800
6/21/2010,155.88,161.08,155.64,160.08,130300
6/22/2010,159.56,163.68,157.76,163.4,113500
6/23/2010,163.8,165.68,162.24,163.84,228900
6/24/2010,165.28,166.76,163.96,166.56,142000
6/25/2010,165.92,167.36,162.96,163.48,122700
6/28/2010,163.76,165.36,162,164.64,82300
6/29/2010,167.28,171.88,167.12,170.84,196200
6/30/2010,171.36,173.28,168.68,172.8,185200
7/1/2010,172.44,178.24,171.88,173.96,391700
7/2/2010,173.12,176.84,172.76,175.92,200300
7/6/2010,172.68,179.24,171.24,178.2,268300
7/7/2010,177.6,177.64,171.68,171.88,263800
7/8/2010,169.96,171.88,168.96,169.44,118000
7/9/2010,169.36,169.88,166.76,166.8,149700
7/12/2010,167.08,170.16,166,168.6,130400
7/13/2010,166.2,166.88,162.6,163.28,214800
7/14/2010,163.6,165.08,162.76,163.8,127600
7/15/2010,163.4,167.24,163.4,165.2,229400
7/16/2010,166.48,171.8,166.2,171.24,329200
7/19/2010,170.72,173.84,170.12,170.64,200700
7/20/2010,173.08,173.64,167.4,167.76,180400
7/21/2010,166.24,171.08,166,170.56,145700
7/22/2010,167.88,168,163.96,164.52,177800
7/23/2010,165.32,165.72,160.16,160.48,286000
7/26/2010,159.76,160.6,156.64,156.72,319300
7/27/2010,155.24,157.88,154.88,157.32,137300
7/28/2010,157.44,160.76,156.88,159.8,140300
7/29/2010,158.48,162.84,157.92,160.24,220800
7/30/2010,162.44,163.12,158.76,160.08,130700
8/2/2010,157.28,158.56,156.4,157.28,179600
8/3/2010,157.8,159.84,156.44,158.52,89100
8/4/2010,157.72,158.36,156.56,157,67600
8/5/2010,158.36,158.88,157.16,158.76,89700
8/6/2010,161.36,162.76,159.12,159.84,135000
8/9/2010,158.44,159.64,157.36,157.88,47600
8/10/2010,159.52,162.08,159,160.8,114300
8/11/2010,164.16,167.68,164.16,167.08,282800
8/12/2010,170.64,170.76,167.08,168.12,283700
8/13/2010,168.84,170.28,168.4,170.04,191100
8/16/2010,171.16,171.84,167.56,168.6,161200
8/17/2010,166.68,167.64,164.24,165.64,153900
8/18/2010,165.88,167.48,163.52,165.12,82600
8/19/2010,165.8,170.08,165.36,169.6,232000
8/20/2010,170.36,172.36,169.44,169.6,167700
8/23/2010,168.28,171.96,167.4,171.84,159400
8/24/2010,174.64,176.32,171.88,173.76,374500
8/25/2010,175.2,175.84,170.72,171.16,345800
8/26/2010,170.44,173,169,172.28,230300
8/27/2010,170.32,173.8,167.4,167.8,237800
8/30/2010,168.56,171.56,167.8,171.56,123000
8/31/2010,171.96,173.2,169.68,171.76,220300
9/1/2010,168.76,169.32,164.92,164.92,269100
9/2/2010,165.08,165.72,162.8,163.24,137600
9/3/2010,160.72,162.12,159.8,160.2,269500
9/7/2010,160.8,163.8,160.8,163.28,157500
9/8/2010,162.84,163,160.96,162.28,116700
9/9/2010,159.88,163.44,159.76,162.2,101300
9/10/2010,161.48,162.56,160.72,161.72,139600
9/13/2010,159.68,160.16,157.24,157.8,201700
9/14/2010,158.08,158.92,156.92,158.32,131900
9/15/2010,158.84,160,157.04,157.48,78800
9/16/2010,157.84,159.76,157.44,158.56,118900
9/17/2010,157.44,160.08,157.08,157.96,171000
9/20/2010,157.28,158.32,153,153.36,242700
9/21/2010,153.32,154.52,152.48,154.16,185700
9/22/2010,154.72,157.24,153.72,156.12,144200
9/23/2010,157.44,158.48,154.96,158,122700
9/24/2010,155.76,156,152.68,152.88,156300
9/27/2010,152.72,153.84,152.4,153.16,113500
9/28/2010,152.8,155.6,151.36,151.68,207900
9/29/2010,151.96,152.4,150.56,151.2,145700
9/30/2010,150.04,152.84,149.28,151.72,115900
10/1/2010,150.28,152.12,150.04,150.84,88400
10/4/2010,151.08,153.8,150.36,152.8,182500
10/5/2010,151.12,152.12,148.04,148.4,320500
10/6/2010,148.52,149.72,148,148.96,151100
10/7/2010,148.08,150.4,147.92,149.36,77700
10/8/2010,149.2,149.92,146.64,147.52,147700
10/11/2010,147.24,147.72,146.24,147.24,56900
10/12/2010,147.8,149.28,146.28,146.72,196800
10/13/2010,145.84,146.32,143.48,144.64,188700
10/14/2010,144.68,146.04,143.92,144.72,170100
10/15/2010,143.56,146.04,143.36,145.2,72000
10/18/2010,144.72,145.24,143.72,144.16,76900
10/19/2010,145.76,147.88,144.24,146.72,241700
10/20/2010,146.08,146.6,144.44,145.24,94900
10/21/2010,144.44,147.8,143.44,145.96,112400
10/22/2010,145.52,146.04,144.92,145.12,75700
10/25/2010,143.84,144.36,142.48,144.08,90200
10/26/2010,144.92,145.56,143.32,144.24,46200
10/27/2010,145.32,146.56,144.4,144.64,82400
10/28/2010,143.48,146.12,143.4,145.4,105100
10/29/2010,145.96,146,144.28,145.2,170600
11/1/2010,144.32,147.04,143.28,146.04,91800
11/2/2010,144.32,145,142.84,142.84,161300
11/3/2010,142.68,144.44,142.24,142.4,169100
11/4/2010,139.76,140.2,138.72,138.8,515000
11/5/2010,138.52,138.84,137.56,138.08,229300
11/8/2010,138.32,139.12,137.72,138.08,67400
11/9/2010,137.68,140.6,137.44,139.84,141700
11/10/2010,139.76,141.08,138.32,138.36,51500
11/11/2010,139.84,140.32,138.36,138.88,55900
11/12/2010,140.28,141.44,139.28,141.28,223600
11/15/2010,140.52,141.28,139.6,141.16,91500
11/16/2010,142.24,144.88,141.88,143.76,328600
11/17/2010,143.6,144.28,143.12,143.44,105900
11/18/2010,141.64,141.64,139.88,140.76,173700
11/19/2010,141.2,142.04,139.92,140.2,112200
11/22/2010,140.68,141.52,139.12,139.4,131600
11/23/2010,141.12,141.96,140.6,140.76,122500
11/24/2010,139.44,139.52,137.6,137.6,74800
11/26/2010,138.4,138.68,137.64,138.6,34100
11/29/2010,139,140.8,138.04,138.44,96900
11/30/2010,140,140.52,138.56,139.44,69300
12/1/2010,136.76,136.84,135.96,136.36,142800
12/2/2010,136.2,136.28,134.68,134.92,200000
12/3/2010,135.44,135.52,133.6,134.08,197100
12/6/2010,134.04,134.28,132.72,133.08,173600
12/7/2010,131.44,132.6,131.2,132.24,243900
12/8/2010,131.96,132.68,131.56,132.44,67100
12/9/2010,131.4,132.44,131.4,131.84,45700
12/10/2010,131.56,131.92,129.96,130.36,186100
12/13/2010,129.84,130.92,129.56,130.88,111500
12/14/2010,130.32,131.2,130.32,130.92,191200
12/15/2010,131.04,131.68,129.72,131.44,102700
12/16/2010,131.16,131.72,129.84,130.24,177800
12/17/2010,130.12,131,129.56,129.84,57000
12/20/2010,129.4,129.84,128.44,129.28,101200
12/21/2010,128.68,128.68,127.6,127.72,171200
12/22/2010,127.4,128,127.2,127.88,92800
12/23/2010,127.68,128.2,127.32,128.04,168300
12/27/2010,128.36,128.68,127.4,127.6,45600
12/28/2010,127.32,128.28,127.32,128.08,98900
12/29/2010,127.88,127.92,127.56,127.76,49900
12/30/2010,127.68,128.08,127.16,127.84,72700
12/31/2010,128,128.88,127.72,128.72,79400
1/3/2011,127.48,127.8,125.84,126.44,165700
1/4/2011,126.04,129.64,125.96,128.32,173000
1/5/2011,128.4,128.84,126.88,126.88,143400
1/6/2011,126.76,127.92,126.56,127.4,118200
1/7/2011,127.04,129.88,126.76,128.16,219300
1/10/2011,128.64,129.64,126.92,127.36,124300
1/11/2011,126.72,127.48,126.28,126.76,111600
1/12/2011,125.8,126.48,125.52,125.76,66500
1/13/2011,125.72,126.36,125.2,125.8,56200
1/14/2011,125.96,126.16,124.64,125,128200
1/18/2011,125.2,125.84,124.64,124.64,130300
1/19/2011,124.68,128.2,124.56,127.88,109700
1/20/2011,128.6,130.36,128,130.36,239200
1/21/2011,128.64,130.24,128.48,130.2,210200
1/24/2011,130.12,130.32,128.68,129.2,226800
1/25/2011,129.92,130.52,128.88,128.88,148400
1/26/2011,128.8,129.2,126.48,126.84,125700
1/27/2011,126.88,127.48,126,126.44,53500
1/28/2011,126.56,129.84,126.36,129.8,383000
1/31/2011,128.92,129.92,127.92,128.8,294300
2/1/2011,127.76,127.96,125.4,125.68,233200
2/2/2011,125.92,126.2,125.08,126.16,85600
2/3/2011,126.32,127.68,125.52,125.68,81300
2/4/2011,125.92,126.52,125.32,125.64,102400
2/7/2011,125.32,125.48,123.32,124.24,172000
2/8/2011,124.16,124.72,123.2,123.2,117200
2/9/2011,123.52,124.52,123.16,123.92,82300
2/10/2011,124.68,124.8,123.24,123.36,87000
2/11/2011,123.88,123.88,121.92,121.92,246700
2/14/2011,121.96,121.96,121.16,121.4,62600
2/15/2011,121.72,122.28,121.52,121.96,192200
2/16/2011,121.68,121.76,120.8,121.04,101400
2/17/2011,121.2,121.36,119.76,120.12,177700
2/18/2011,119.88,120.44,119.4,120.08,136400
2/22/2011,121,123.28,120.56,123.16,316900
2/23/2011,122.96,126.08,122.88,125.2,336700
2/24/2011,125,125.92,123.84,124.36,228900
2/25/2011,123.8,123.88,121.6,121.72,211400
2/28/2011,120.8,122.4,120.56,121.52,125000
3/1/2011,120.92,124.24,120.92,123.84,276900
3/2/2011,123.96,124.44,122.68,123.36,151000
3/3/2011,122,122.04,120.2,120.52,135200
3/4/2011,120.52,122.16,120.32,121,190400
3/7/2011,120.52,124.04,120.52,123,197300
3/8/2011,122.96,124.32,120.48,120.96,279900
3/9/2011,121.2,121.96,120.8,121.52,175300
3/10/2011,123.16,125.4,123.08,124.64,347200
3/11/2011,125.8,125.8,123.56,124.44,376000
3/14/2011,125.68,126.24,124.2,125.04,287800
3/15/2011,127.84,128.48,125.12,125.92,475200
3/16/2011,126.68,128.12,125.12,127.28,400300
3/17/2011,125.44,127.08,125.36,127.08,391700
3/18/2011,125.64,126,125.12,125.4,318700
3/21/2011,123.68,123.8,122.4,122.4,119800
3/22/2011,122.28,123.36,121.96,122.92,159600
3/23/2011,123.36,124.6,122.28,122.64,138700
3/24/2011,121.88,122.92,121.36,121.76,197700
3/25/2011,121.08,121.68,119.44,120.76,146300
3/28/2011,120.4,121.08,119.92,121.04,48900
3/29/2011,120.96,121.6,119.72,119.88,71900
3/30/2011,119.28,119.4,118.08,118.28,262200
3/31/2011,118.2,118.48,117.68,117.8,116800
4/1/2011,117,117.72,116.68,117.44,170000
4/4/2011,117.04,117.32,116.76,117.08,70200
4/5/2011,117.08,117.32,115.68,116.32,186900
4/6/2011,115.72,116.76,115.44,116.2,171100
4/7/2011,116.12,117.16,115.6,116.8,137800
4/8/2011,116.32,118.56,116.12,118.08,165100
4/11/2011,118.08,119.48,117.64,119.16,161600
4/12/2011,119.84,120.8,119.44,120.56,198900
4/13/2011,119.88,121.32,119.6,120.52,202500
4/14/2011,121.52,121.6,119.84,119.96,192300
4/15/2011,119.96,120.48,118.72,118.76,110800
4/18/2011,120.52,121.64,120.52,120.56,187300
4/19/2011,120.2,121.24,119.8,120.52,150600
4/20/2011,118.48,118.88,118,118,218200
4/21/2011,117.32,118.2,117.16,117.24,126200
4/25/2011,117.28,118.12,117.08,117.2,212300
4/26/2011,117.08,117.2,115.48,116.16,145300
4/27/2011,116.04,116.56,115.32,115.48,170000
4/28/2011,115.52,115.64,114.72,115.16,110400
4/29/2011,114.84,115.08,114.12,114.76,144500
5/2/2011,114,115.96,113.92,115.8,263200
5/3/2011,116.08,118.04,115.72,117.16,232700
5/4/2011,117.12,119.44,117.08,118.84,526100
5/5/2011,119.68,119.96,117.56,119.36,275100
5/6/2011,117.96,119.28,117.16,118.76,177800
5/9/2011,118.88,119,117.2,117.28,152500
5/10/2011,116.72,116.84,115.44,115.44,184400
5/11/2011,115.8,118.16,115.76,117.6,204100
5/12/2011,118.4,119,116.28,116.72,316100
5/13/2011,116.48,118.56,116.24,118.24,310500
5/16/2011,119.16,120.04,117.68,120,297500
5/17/2011,120.88,121.24,119.92,120.24,434900
5/18/2011,120.08,120.32,118.4,118.44,161600
5/19/2011,117.64,119.24,117.48,118.28,236100
5/20/2011,118.48,119.88,118.24,119.04,323900
5/23/2011,121.2,121.44,120.32,121.08,280200
5/24/2011,120.72,121.92,120.28,121.64,286900
5/25/2011,122.04,122.04,119.72,120.12,218700
5/26/2011,120.56,120.64,118.52,118.64,240100
5/27/2011,118.12,118.28,117.32,117.72,171000
5/31/2011,116.36,117.48,116.04,116.12,230200
6/1/2011,116.16,119.88,116.16,119.8,307600
6/2/2011,119.4,120.56,119.04,119.8,220000
6/3/2011,121.8,121.88,120.36,121.76,407800
6/6/2011,121.8,123.68,121.32,123.6,292900
6/7/2011,122.8,123.4,122.2,123.28,312700
6/8/2011,123.76,124.84,123.32,124.68,297300
6/9/2011,124.32,124.76,123.28,124,175100
6/10/2011,124.72,126.48,124.52,126,564200
6/13/2011,125.6,127.04,124.96,126.32,337300
6/14/2011,125.2,125.2,123.16,123.4,583300
6/15/2011,124.8,126.2,123.84,125.68,407600
6/16/2011,125.64,127.04,124.32,125.48,476100
6/17/2011,124.2,126,123.96,125.44,262200
6/20/2011,125.88,125.88,123.84,124.28,184500
6/21/2011,123.2,123.48,121.32,121.44,527200
6/22/2011,122.16,122.48,120.8,122.44,240900
6/23/2011,123.92,125.08,121.72,122,299300
6/24/2011,121.52,123.24,121.36,122.64,264700
6/27/2011,122.6,123.32,121.36,121.52,338000
6/28/2011,121.12,121.36,119.64,119.64,495500
6/29/2011,119.24,120.2,118.84,119.2,417600
6/30/2011,118.8,119.04,117.92,118.2,309000
7/1/2011,118.2,118.56,116.2,116.48,463900
7/5/2011,116.24,116.84,115.96,116.04,328500
7/6/2011,116.16,116.64,115.44,115.64,237000
7/7/2011,114.44,114.84,113.44,113.84,568700
7/8/2011,115.16,115.64,114.4,114.56,553500
7/11/2011,116.08,117.32,115.4,117.08,285000
7/12/2011,117.6,117.68,116.36,117.6,498000
7/13/2011,116.84,117.04,115.24,116.52,279800
7/14/2011,116.28,118.68,115.8,118.52,413100
7/15/2011,117.92,118.6,117.52,117.68,180400
7/18/2011,118.2,120.16,117.92,119.48,201900
7/19/2011,118.4,118.4,116.68,116.76,370800
7/20/2011,116.8,117.68,116.6,116.92,153500
7/21/2011,116.56,116.84,115.36,115.88,299800
7/22/2011,115.96,116.64,115.44,115.88,232100
7/25/2011,117.16,117.52,116.16,117,324000
7/26/2011,117.32,118.24,117.04,117.96,221300
7/27/2011,118.76,121.68,118.76,121.52,605700
7/28/2011,121.48,121.88,120,121.64,207000
7/29/2011,123.56,124.28,121.2,121.96,657800
8/1/2011,120.44,123.72,119.96,122.48,415300
8/2/2011,123.12,126.56,121.92,126.2,910800
8/3/2011,126.52,129.52,125.44,125.56,915600
8/4/2011,127.52,133.16,127.32,133.16,917600
8/5/2011,131.52,138.56,130.88,135.56,1502500
8/8/2011,140.04,147.24,136.76,147.08,2115300
8/9/2011,143.08,150.32,136.84,136.84,1587200
8/10/2011,141.44,144.4,138.6,144.04,1330400
8/11/2011,142.88,144,134.48,136.84,817700
8/12/2011,135.48,137.84,134.4,136.12,905500
8/15/2011,134.4,134.76,131.96,132,284700
8/16/2011,134.4,135.96,132.8,134.4,622400
8/17/2011,133.4,135.8,132.44,134.52,319000
8/18/2011,139.08,143.28,138.8,142.4,1086300
8/19/2011,145.2,145.36,140,144.64,950300
8/22/2011,140.32,146.12,140.2,144.84,619600
8/23/2011,144.04,145.44,137.76,137.96,496900
8/24/2011,138.16,139.36,135.16,136.12,499800
8/25/2011,134.4,139.84,133.84,139.4,431300
8/26/2011,140.04,142.28,135.6,136.08,872300
8/29/2011,134.12,134.16,129.32,129.44,871000
8/30/2011,130.36,131.72,127.88,128.76,590900
8/31/2011,127.96,130.32,126.84,129.04,684200
9/1/2011,128.84,132.48,127.36,131.88,429200
9/2/2011,134.88,137.4,133.72,136.8,678500
9/6/2011,141.64,141.72,136.88,136.96,818100
9/7/2011,134.64,135.28,131.56,131.68,465000
9/8/2011,133,134.84,130.88,134.16,428600
9/9/2011,135.88,139.56,135,138.24,957000
9/12/2011,140.48,140.48,136.64,136.96,815300
9/13/2011,135.96,137.44,134.16,134.64,488900
9/14/2011,133.36,136.12,130.32,132.28,663000
9/15/2011,131.08,133,130.36,130.48,390700
9/16/2011,130,131.36,129.28,130.28,358100
9/19/2011,132.8,133.92,131.08,132.44,443200
9/20/2011,132,134.64,130.56,134.56,481900
9/21/2011,134.76,139.76,133.64,139.56,480900
9/22/2011,144.6,146.08,140.96,143.56,1608600
9/23/2011,143.92,144.24,141,141.96,928700
9/26/2011,140.4,143.8,138.96,139.24,618300
9/27/2011,136.08,137.24,132.84,136.2,1047300
9/28/2011,136.16,141.56,135.56,141.2,729200
9/29/2011,137.92,143.24,137.44,139.08,628600
9/30/2011,141.48,143.36,139.28,143.32,696900
10/3/2011,144.4,150.96,141.76,150.72,1747300
10/4/2011,152.28,152.8,140.8,140.88,1950600
10/5/2011,141.2,143,138.16,139.16,1075100
10/6/2011,139.4,140.24,135.68,136.04,735800
10/7/2011,135.56,139.92,135.12,139.52,744600
10/10/2011,136.24,136.76,133.2,133.2,639000
10/11/2011,134.44,134.8,131.72,132.36,689600
10/12/2011,131.16,131.56,128.96,130.48,799100
10/13/2011,131.12,132.68,129.8,130.6,438800
10/14/2011,128.96,130.24,127.48,127.88,583400
10/17/2011,128.96,132.36,128.76,131.8,517100
10/18/2011,131.36,133.88,127.28,128.2,832600
10/19/2011,128.56,131.32,127.56,130.6,424100
10/20/2011,130.4,133.88,130.12,130.44,567700
10/21/2011,128.52,129.56,127.4,127.56,424800
10/24/2011,126.88,127.12,123.08,123.32,585900
10/25/2011,124.2,127.12,124.16,126.84,569100
10/26/2011,124.6,128.2,123.8,124.6,559100
10/27/2011,119.72,121.28,117.08,117.96,897300
10/28/2011,118.24,118.96,117.2,118.44,443000
10/31/2011,120.48,121.76,119.56,121.72,508700
11/1/2011,126.4,126.72,123.44,125.64,984800
11/2/2011,123.72,125.2,122.64,122.84,555400
11/3/2011,121.04,124.28,119.48,119.84,623000
11/4/2011,121.04,122.08,120.08,120.48,396900
11/7/2011,120.52,123.08,120,120.68,371100
11/8/2011,119.4,122.24,118.68,118.72,409600
11/9/2011,122.4,124.68,121.4,124.56,422100
11/10/2011,122.48,125.04,122.32,123.6,399500
11/11/2011,122.04,122.28,120.08,120.6,448600
11/14/2011,120.88,122.92,120.56,122.12,322400
11/15/2011,122.64,123.52,119.84,120.48,431300
11/16/2011,121.76,122.64,119.44,122.4,299800
11/17/2011,122.6,124.92,121.76,124.2,667400
11/18/2011,123.76,125.12,123.32,124.2,445300
11/21/2011,126.76,128.32,126.16,127.12,673300
11/22/2011,127.36,128.88,126.48,128.16,615700
11/23/2011,129.6,132.44,129.28,132.2,652600
11/25/2011,133.16,133.84,131.12,133.76,346500
11/28/2011,128.84,129.24,127.28,127.52,545400
11/29/2011,127.36,128.72,126.8,127.84,404300
11/30/2011,122.44,123.16,120.16,120.16,834300
12/1/2011,120.64,121.28,119.56,121.12,397100
12/2/2011,119.56,120.76,118.72,120.76,453600
12/5/2011,118.24,119.48,117.48,118.48,415500
12/6/2011,118.44,119.52,117.68,118.36,354900
12/7/2011,119.28,121.04,118,118.52,340800
12/8/2011,119.92,122.52,119.44,122.28,420700
12/9/2011,122.08,122.24,117.92,118.56,533900
12/12/2011,120.28,121.8,120.24,120.28,280600
12/13/2011,119,123.48,118.64,122.64,620400
12/14/2011,123.88,125.08,123.12,124.4,532000
12/15/2011,122.44,124.28,122.4,123.2,353100
12/16/2011,122.2,123.08,120.44,122.08,282700
12/19/2011,121.12,124.56,120.6,124.44,312100
12/20/2011,121.64,121.64,119.04,119.2,530500
12/21/2011,119.88,121.04,118.32,118.8,386400
12/22/2011,118.08,118.4,117.36,117.88,259700
12/23/2011,117.48,118.2,117.28,117.56,131000
12/27/2011,118,118.12,116.52,117.16,144000
12/28/2011,117,119.44,117,119.2,362400
12/29/2011,118.64,118.92,117.6,117.92,205800
12/30/2011,118.04,118.72,117.48,118.72,328400
1/3/2012,115.6,117,115.28,116.56,755800
1/4/2012,117.24,118.04,116.84,117.2,1048100
1/5/2012,118.16,119.16,116.08,116.68,366400
1/6/2012,116.56,117.72,116.04,117,335000
1/9/2012,116.44,117.48,116.16,116.28,212100
1/10/2012,114.8,115.08,114.4,114.64,269700
1/11/2012,115.12,115.24,114,114.08,122800
1/12/2012,113.92,115.04,113.64,113.84,112700
1/13/2012,114.68,115.6,114.32,114.48,265500
1/17/2012,113.36,114.8,113.04,114.56,300100
1/18/2012,114.52,114.72,112.4,112.4,225400
1/19/2012,111.76,112.48,111.48,111.68,228700
1/20/2012,111.8,112.08,111.24,111.64,117000
1/23/2012,111.6,112.6,110.76,111.68,180200
1/24/2012,112.44,113,110.88,111.04,202500
1/25/2012,111.04,111.68,109.76,110.04,191100
1/26/2012,109.28,110.84,109.28,110.2,192000
1/27/2012,110.8,110.8,109.44,109.52,155100
1/30/2012,110.4,111.12,109.92,110.28,163400
1/31/2012,109.6,111.08,109.36,110.52,372300
2/1/2012,109.4,109.8,107.88,108.12,323900
2/2/2012,107.72,108.04,107,107.4,211300
2/3/2012,105.68,106.04,104.76,105.08,359600
2/6/2012,105.48,105.84,105.12,105.36,121400
2/7/2012,105.48,106.16,105.04,105.56,271000
2/8/2012,105.28,106.32,104.72,105.32,153100
2/9/2012,105,106.44,104.96,105.84,145300
2/10/2012,106.96,107.48,106.76,107.28,269500
2/13/2012,106.04,106.76,105.72,105.8,317000
2/14/2012,106.32,107,106.08,106.2,205600
2/15/2012,105.68,107.52,105.64,107.16,282700
2/16/2012,107.12,107.16,105,105.16,383800
2/17/2012,104.56,105.28,104.52,105.16,363800
2/21/2012,104.92,106.32,104.84,105.8,266300
2/22/2012,106.12,106.76,105.68,106.68,279500
2/23/2012,106.52,107.08,105.04,105.08,248800
2/24/2012,105.04,105.44,104.76,105.28,199300
2/27/2012,106.36,107,104.84,105.4,305900
2/28/2012,105.32,106.24,104.72,105.64,190100
2/29/2012,105.32,107.48,104.84,107.48,691200
3/1/2012,106.76,106.92,105.52,106.92,583200
3/2/2012,106.76,108.84,106.48,108.4,577300
3/5/2012,108.68,109.44,108.08,108.2,438500
3/6/2012,109.44,110.8,109.16,110.4,386200
3/7/2012,110.08,110.28,109.2,109.28,256300
3/8/2012,108.56,109.48,107.6,107.88,324700
3/9/2012,107.76,107.88,105.64,106.4,314900
3/12/2012,106.2,107.08,105.92,106.56,175000
3/13/2012,105.76,106.2,104.36,104.44,340300
3/14/2012,104.48,105.72,104.2,105.28,337600
3/15/2012,105.36,105.68,104.28,104.28,374900
3/16/2012,104.12,104.88,104.08,104.44,198400
3/19/2012,104.6,104.72,102.72,103.6,361800
3/20/2012,104.32,104.96,104.08,104.48,221400
3/21/2012,104.24,104.88,103.88,104.48,126100
3/22/2012,105.56,106.16,105.12,105.52,666300
3/23/2012,105.32,106.32,104.36,104.4,247700
3/26/2012,103.12,103.24,102.24,102.28,381100
3/27/2012,102.28,103.12,102,103.04,178300
3/28/2012,103.08,104.56,102.8,103.56,320600
3/29/2012,104.44,105.24,103.76,104.04,274000
3/30/2012,103.28,104.64,103.28,104.28,337400
4/2/2012,104.56,104.8,102.96,103,212700
4/3/2012,103.16,104.08,102.76,103.52,388400
4/4/2012,104.72,105.88,104.68,105.32,376600
4/5/2012,105.68,105.92,105.2,105.84,311400
4/9/2012,107.76,108,107.12,107.36,346100
4/10/2012,107.84,110.28,107.6,109.96,914700
4/11/2012,109,109.24,108.28,108.48,364000
4/12/2012,108.36,108.48,106.44,106.8,432800
4/13/2012,107.2,108.44,107.16,108.32,435600
4/16/2012,107.8,109.2,107.36,108,528700
4/17/2012,107.16,107.2,105.52,106.44,353300
4/18/2012,107.04,107.76,106.72,107.24,266400
4/19/2012,107.16,108.56,106.28,107.96,625100
4/20/2012,107.2,107.48,106.28,107.36,347000
4/23/2012,108.92,109.8,108.68,108.8,477700
4/24/2012,108.6,109.04,107.6,107.96,278200
4/25/2012,106.36,106.76,105.64,106.16,329600
4/26/2012,106.24,106.36,104.96,105.2,399900
4/27/2012,104.88,106,104.16,104.32,249600
4/30/2012,104.36,105.48,104.36,105.44,206700
5/1/2012,105.24,105.64,103.52,105.4,396800
5/2/2012,106.24,106.6,105,105.04,216900
5/3/2012,105.12,107.08,105.08,106.68,547000
5/4/2012,107.28,108.8,107.24,108.6,675100
5/7/2012,109.08,109.2,107.88,108.28,384300
5/8/2012,109.16,110.08,108.2,108.24,596200
5/9/2012,109.68,110.04,108.32,108.96,372700
5/10/2012,108.16,109.12,107.92,108.6,251900
5/11/2012,109.4,109.48,107.96,108.92,412400
5/14/2012,110,110.56,109.4,110.12,559400
5/15/2012,110.32,110.8,109.28,110.48,294000
5/16/2012,110,111.28,109.44,111.16,373000
5/17/2012,111.08,113.68,110.96,113.68,568800
5/18/2012,113.6,115.08,112.92,114.88,417800
5/21/2012,114.44,115.12,112.08,112.08,428000
5/22/2012,112.12,113.48,111.2,112.68,559000
5/23/2012,113.88,114.64,111.76,111.92,505200
5/24/2012,112,113.32,111.6,111.72,306900
5/25/2012,111.68,112.28,111.36,111.8,214100
5/29/2012,110.64,111.56,109.92,110.2,354100
5/30/2012,111.28,112.44,111.16,112.24,344000
5/31/2012,112.2,114,111.76,112.52,310400
6/1/2012,114.96,116,114.16,115.84,767500
6/4/2012,115.36,117.2,114.96,116.04,754000
6/5/2012,116.6,116.76,114.44,114.48,699500
6/6/2012,113.72,113.8,111.64,111.68,542100
6/7/2012,109.96,112.36,109.8,112.36,453200
6/8/2012,112.52,113.28,110.76,110.96,490900
6/11/2012,109.72,113.6,109.64,113.36,638800
6/12/2012,113.08,114.08,111.88,112,401300
6/13/2012,112.2,113.68,111.44,113.04,255100
6/14/2012,113.12,113.44,111.52,111.88,476800
6/15/2012,111.52,111.96,110.24,110.4,355100
6/18/2012,111.24,111.6,109.84,110.32,360000
6/19/2012,109.68,109.88,107.72,108.36,379500
6/20/2012,108.28,109.24,107.72,108.48,452800
6/21/2012,108.64,111.32,108.52,111.04,398800
6/22/2012,110.44,111.12,109.56,109.96,678900
6/25/2012,111.4,112,111.08,111.44,424900
6/26/2012,111.32,112.2,110.56,111.04,328200
6/27/2012,110.72,110.84,109.28,109.36,218400
6/28/2012,110.28,111.16,109.36,109.4,234000
6/29/2012,107.04,107.68,106.04,106.24,414500
7/2/2012,105.76,106.6,105,105.04,358600
7/3/2012,104.92,105.04,103.6,103.6,161200
7/5/2012,103.48,104.24,103.24,103.64,228300
7/6/2012,104.6,105.4,104.56,105,355500
7/9/2012,105.08,105.8,104.92,105.2,260900
7/10/2012,104.52,106.88,104.32,106.32,433000
7/11/2012,106.36,107.48,106.08,106.8,169100
7/12/2012,107.68,108.8,106.76,107.28,272300
7/13/2012,106.72,106.84,105.4,105.88,334800
7/16/2012,106.04,106.68,105.72,106.28,132200
7/17/2012,105.48,107.32,105.32,105.84,479600
7/18/2012,106.04,106.08,104.56,105.24,312400
7/19/2012,104.72,105.76,104.6,105.56,256000
7/20/2012,106.36,107.04,106.24,106.84,206400
7/23/2012,108.84,109.28,108.12,108.6,544300
7/24/2012,108.24,110.6,108.2,109.96,367400
7/25/2012,109.48,110.28,108.96,109.84,297700
7/26/2012,108.08,109.52,107.84,108.88,304300
7/27/2012,108.36,108.92,105.68,106.08,217000
7/30/2012,106,107,105.44,106.56,203800
7/31/2012,107.04,107.48,106,107.48,243600
8/1/2012,106.72,109.36,106.72,109.36,216200
8/2/2012,110.44,110.48,108.96,109.76,437300
8/3/2012,108,108.4,106.48,107.16,359100
8/6/2012,106.88,107.04,105.64,106.32,255600
8/7/2012,105.36,105.6,104.4,105.28,341700
8/8/2012,105.68,105.76,104.92,105.32,489900
8/9/2012,105.52,105.52,104.6,104.88,159800
8/10/2012,105.48,105.8,105.08,105.2,218200
8/13/2012,105.28,106.6,105.12,105.4,271300
8/14/2012,104.72,106.08,104.56,105.6,259400
8/15/2012,105.92,105.96,104.76,104.8,214800
8/16/2012,104.88,105.32,103.44,103.6,234700
8/17/2012,103.56,103.76,102.68,102.8,263500
8/20/2012,103.04,103.76,102.92,103.2,129700
8/21/2012,102.56,103.52,101.6,103.24,274000
8/22/2012,103.4,104,103.08,103.64,273300
8/23/2012,103.72,104.72,103.68,104.36,220400
8/24/2012,104.6,104.84,103.68,104.08,231800
8/27/2012,103.4,104.24,103.2,103.72,215900
8/28/2012,103.76,103.96,103.04,103.24,319400
8/29/2012,103.12,103.48,102.48,102.92,192500
8/30/2012,103.48,104.12,103.36,103.96,236100
8/31/2012,103.04,104.52,103.04,103.56,289200
9/4/2012,103.4,104.24,101.88,102.16,304300
9/5/2012,102.2,102.56,101.72,102.2,307900
9/6/2012,101.6,101.68,99.96,100.28,739400
9/7/2012,100.04,100.2,99.4,99.72,331200
9/10/2012,99.6,100.08,99.36,100,152900
9/11/2012,99.96,100.04,99.2,99.88,315200
9/12/2012,99.24,99.96,99.12,99.32,170800
9/13/2012,99.08,99.56,97.32,97.92,703900
9/14/2012,97.64,97.68,96.4,97.08,419700
9/17/2012,97.52,97.92,97.2,97.52,178000
9/18/2012,97.72,98.16,97.6,97.72,253900
9/19/2012,97.56,98.08,97.44,98,187200
9/20/2012,98.36,99.04,98.12,98.36,416200
9/21/2012,97.36,98.04,97.32,97.96,290500
9/24/2012,98.36,98.6,97.72,98.28,160500
9/25/2012,97.68,99.84,97.6,99.72,311300
9/26/2012,99.52,100.68,99.44,100.4,284000
9/27/2012,99.88,100.44,98.92,99.2,178600
9/28/2012,99.56,100.16,99.28,99.92,176400
10/1/2012,99.28,100.08,98.64,99.6,189100
10/2/2012,99.16,100,99.08,99.48,146700
10/3/2012,99.36,100.28,99.04,99.68,167200
10/4/2012,99.28,100.2,98.96,98.96,241300
10/5/2012,98.56,99.44,97.8,99.12,216500
10/8/2012,99.68,100,99.36,99.72,77900
10/9/2012,99.72,101.08,99.64,100.92,287300
10/10/2012,100.88,101.4,100.64,101.04,612200
10/11/2012,100.32,100.88,99.88,100.6,177500
10/12/2012,100.68,101.68,100.4,101.6,334000
10/15/2012,101.12,101.88,100.84,100.88,252000
10/16/2012,100.36,100.48,99.96,100.08,350600
10/17/2012,99.88,100.04,99,99.16,386000
10/18/2012,99.24,99.8,99,99.72,175500
10/19/2012,100.52,102.12,100.52,101.68,631300
10/22/2012,101.92,102.32,101.52,101.72,234500
10/23/2012,102.64,103.44,102.12,102.2,343800
10/24/2012,101.84,102.88,101.64,102.48,210200
10/25/2012,101.6,102.88,101.28,102.08,168000
10/26/2012,102.2,103.36,101.6,102.6,349800
10/31/2012,102.6,102.88,101.88,102.16,281600
11/1/2012,101.64,102,100.56,100.88,356400
11/2/2012,100.4,102.56,100.32,102.4,254200
11/5/2012,102.4,102.76,101.6,101.64,174600
11/6/2012,101.28,101.4,100.68,101.04,178600
11/7/2012,102.2,103.96,102.2,103.4,794000
11/8/2012,103.6,105,103.2,105,697200
11/9/2012,105.32,105.48,103.84,104.6,517900
11/12/2012,104.36,105.08,104.28,104.92,161500
11/13/2012,105.4,105.64,104.4,105.48,351900
11/14/2012,105.28,107.68,105,107.28,473300
11/15/2012,107.68,108.8,107.12,108.04,653700
11/16/2012,108.08,108.96,106.84,107,462300
11/19/2012,105.92,106.04,104.68,104.68,972400
11/20/2012,104.96,105.44,104.48,104.52,318600
11/21/2012,104.44,104.72,104,104.04,141100
11/23/2012,103.76,103.76,102.92,103,263500
11/26/2012,103.16,103.52,102.52,102.6,243400
11/27/2012,102.68,102.84,102.04,102.8,155800
11/28/2012,103.24,104.08,101.88,101.88,681400
11/29/2012,101.12,101.52,100.52,100.8,448800
11/30/2012,100.48,101.4,100.48,101,288000
12/3/2012,100.2,101.28,100.08,101.04,237000
12/4/2012,100.96,101.72,100.64,100.8,305500
12/5/2012,100.4,101.72,100.4,101.16,246400
12/6/2012,101.04,101.44,100.64,100.84,179500
12/7/2012,100.32,101.2,100.32,100.8,138300
12/10/2012,100.48,100.68,100.2,100.28,102400
12/11/2012,99.6,99.84,99.08,99.24,363300
12/12/2012,98.92,100,98.76,99.84,138700
12/13/2012,99.8,100.8,99.48,100.4,111800
12/14/2012,100.68,100.76,99.92,100.36,146700
12/17/2012,100.04,100.24,99.08,99.08,148400
12/18/2012,98.84,99.12,97.56,97.56,368500
12/19/2012,97.48,97.88,97,97.52,430200
12/20/2012,97.48,97.8,96.88,96.96,117600
12/21/2012,98.64,98.76,97.4,97.4,722100
12/24/2012,97.8,98.16,97.6,97.88,72500
12/26/2012,97.56,98.56,97.56,98.56,72400
12/27/2012,98.4,99.88,98.24,98.64,533900
12/28/2012,99.12,99.32,98.32,99.16,304000
12/31/2012,99.12,99.4,97,97.28,299400
1/2/2013,94.4,95.12,94.28,94.32,1232200
1/3/2013,94.2,94.76,93.76,94.44,250000
1/4/2013,94.04,94.4,93.6,94,217300
1/7/2013,94.24,94.4,93.96,94.24,121300
1/8/2013,94.2,94.68,94.04,94.08,319900
1/9/2013,93.96,94.04,93.68,93.8,75600
1/10/2013,93.36,94.04,93.32,93.52,162900
1/11/2013,93.6,94,93.44,93.68,206900
1/14/2013,93.84,93.96,93.48,93.6,245200
1/15/2013,94.16,94.16,93.04,93.28,183400
1/16/2013,93.36,93.64,93.2,93.48,107900
1/17/2013,93,93.08,92.4,92.6,181700
1/18/2013,92.48,92.76,92.24,92.24,129900
1/22/2013,92.2,92.48,91.6,91.6,185300
1/23/2013,91.56,91.92,91.56,91.8,178700
1/24/2013,91.72,91.88,90.96,91.56,363700
1/25/2013,91.04,91.48,90.88,90.88,206900
1/28/2013,90.8,91.4,90.6,90.68,77600
1/29/2013,90.8,91.12,90.64,90.72,89300
1/30/2013,90.8,92.04,90.76,91.76,190000
1/31/2013,91.88,92,91.04,91.16,106600
2/1/2013,90.76,90.88,90.04,90.4,214800
2/4/2013,91.04,91.56,90.56,91.4,147500
2/5/2013,90.96,91.08,90.32,90.64,342800
2/6/2013,91.08,91.12,90.16,90.2,127800
2/7/2013,90.32,91.12,90.16,90.48,253700
2/8/2013,90.4,90.44,89.8,89.88,360500
2/11/2013,89.88,90.4,89.88,89.96,186600
2/12/2013,89.92,89.96,89.4,89.64,275800
2/13/2013,89.48,89.64,89.16,89.24,91700
2/14/2013,89.44,89.48,88.8,88.92,123700
2/15/2013,89,89.16,88.64,88.96,108500
2/19/2013,88.8,88.8,88.12,88.12,119900
2/20/2013,88.04,89.84,88,89.72,227500
2/21/2013,89.92,91.2,89.8,90.64,482800
2/22/2013,90.2,90.2,89.56,89.68,268000
2/25/2013,89.04,91.52,89.04,91.44,300000
2/26/2013,91.12,91.76,90.72,91.2,332000
2/27/2013,91.16,91.16,89.64,90.24,227800
2/28/2013,90.16,90.32,89.44,90.2,184200
3/1/2013,90.6,91.24,89.44,89.52,226900
3/4/2013,89.8,90.24,89.32,89.32,179600
3/5/2013,88.84,88.84,88.12,88.24,985000
3/6/2013,88,88.36,87.88,88.12,323700
3/7/2013,87.96,88.12,87.56,87.64,166200
3/8/2013,86.88,87.56,84.44,86.76,304000
3/11/2013,87.04,87.12,86.8,86.92,83200
3/12/2013,87.04,87.28,86.76,87,233000
3/13/2013,86.92,87.24,86.52,86.64,151200
3/14/2013,86.52,86.56,85.76,85.8,134900
3/15/2013,85.88,86.16,85.68,86,121700
3/18/2013,86.84,86.84,85.96,86.36,114500
3/19/2013,86.08,87.4,85.84,86.8,128800
3/20/2013,86.2,86.24,85.84,85.96,108600
3/21/2013,86.48,86.88,86.04,86.48,576900
3/22/2013,86.2,86.52,86.2,86.44,246600
3/25/2013,86.08,86.88,85.6,86.24,192400
3/26/2013,86,86.4,85.76,85.92,141400
3/27/2013,86.52,86.88,85.88,85.88,162600
3/28/2013,85.96,86.08,85.6,85.88,140000
4/1/2013,85.92,87.36,85.76,86.92,182900
4/2/2013,86.4,87.6,86.28,87.4,324300
4/3/2013,87.16,89.08,87.12,88.88,328800
4/4/2013,88.8,89.04,88.08,88.16,373500
4/5/2013,89.4,89.52,88.24,88.24,235300
4/8/2013,88,88.64,87.52,87.52,166400
4/9/2013,87.44,87.96,87.24,87.8,142500
4/10/2013,87.52,87.56,86,86.24,302500
4/11/2013,86.28,86.32,85.6,85.96,163000
4/12/2013,86.36,87.04,86.16,86.36,135100
4/15/2013,86.92,89.92,86.84,89.52,416500
4/16/2013,88.92,89.28,87.96,88.16,256200
4/17/2013,88.84,90.44,88.76,89.68,689800
4/18/2013,89.6,90.6,89.36,90.16,553400
4/19/2013,89.76,90.48,89,89.2,169400
4/22/2013,88.96,90.4,88.64,88.84,330400
4/23/2013,88.08,88.52,87.4,87.4,319200
4/24/2013,87.4,87.72,86.88,87.04,456500
4/25/2013,86.68,86.8,85.88,86.44,311900
4/26/2013,86.72,87.2,86.4,86.88,153900
4/29/2013,86.48,86.64,86,86.24,213200
4/30/2013,86.2,86.52,85.68,85.8,242300
5/1/2013,85.96,87.84,85.88,87.68,238500
5/2/2013,87.32,87.4,86.2,86.4,167100
5/3/2013,85.2,85.36,84.36,85.04,489400
5/6/2013,84.88,84.96,84.32,84.4,214100
5/7/2013,84.28,84.6,83.68,83.76,266800
5/8/2013,83.88,84.12,83.48,83.48,209600
5/9/2013,83.64,84.08,83.4,83.84,137700
5/10/2013,83.64,83.76,83.04,83.08,227900
5/13/2013,83.24,83.44,82.88,83.16,101200
5/14/2013,83.08,83.08,82.12,82.16,195500
5/15/2013,82.24,82.36,81.56,81.84,188100
5/16/2013,82.12,82.36,81.64,82.12,209400
5/17/2013,81.8,81.84,81.2,81.28,143700
5/20/2013,81.44,81.44,80.76,81.08,471300
5/21/2013,81.04,81.32,80.8,81,132200
5/22/2013,80.92,82.8,80.12,82.2,556600
5/23/2013,83.28,83.32,82.12,82.12,475700
5/24/2013,82.6,83.12,82.08,82.16,274500
5/28/2013,80.96,81.6,80.28,81,263200
5/29/2013,81.52,82.48,81.28,81.8,209400
5/30/2013,81.6,81.72,81.08,81.24,155500
5/31/2013,81.72,82.16,81.16,82.12,213200
6/3/2013,81.88,82.8,81.28,81.4,365000
6/4/2013,81.44,82.88,80.96,82.32,314000
6/5/2013,82.4,83.52,82.24,83.32,380000
6/6/2013,83.36,83.88,82.4,82.44,434300
6/7/2013,81.92,82.48,81.56,81.72,245700
6/10/2013,81.36,82.04,81.24,81.24,369400
6/11/2013,82.2,82.84,81.56,82.12,259700
6/12/2013,81.56,83.08,81.48,82.92,209200
6/13/2013,82.92,83.24,81.28,81.52,340200
6/14/2013,81.64,82.32,81.32,82.04,275000
6/17/2013,81.36,82.04,81.12,81.6,425900
6/18/2013,81.32,81.4,80.36,80.52,212600
6/19/2013,80.56,81.6,80.44,81.56,243200
6/20/2013,82.84,84.04,82.72,83.76,512500
6/21/2013,83.72,84.64,83.32,83.56,720500
6/24/2013,84.36,85.32,83.88,84.6,788400
6/25/2013,83.8,84.44,83.56,83.68,246400
6/26/2013,82.96,83.72,82.88,83.36,262600
6/27/2013,82.8,82.84,81.92,82.08,245400
6/28/2013,82.2,82.52,81.68,82.52,277600
7/1/2013,81.96,81.96,80.76,81.24,219100
7/2/2013,81.2,81.72,80.6,81.2,219200
7/3/2013,81.52,81.6,80.76,81.12,145800
7/5/2013,80.16,81,79.84,79.88,227700
7/8/2013,79.48,79.72,79.32,79.48,400400
7/9/2013,79.04,79.36,78.64,78.8,308700
7/10/2013,78.76,79,78.56,78.64,189800
7/11/2013,77.68,78.04,77.56,77.64,420200
7/12/2013,77.64,77.68,77.16,77.44,225500
7/15/2013,77.32,77.4,76.72,76.8,513100
7/16/2013,76.8,77.4,76.72,77.2,148600
7/17/2013,76.72,77.04,76.56,76.92,200500
7/18/2013,76.72,76.72,76.08,76.4,184900
7/19/2013,76.48,76.68,76.28,76.32,119400
7/22/2013,76.16,76.4,75.92,76,228400
7/23/2013,75.84,76.28,75.8,76.12,54400
7/24/2013,75.8,76.88,75.76,76.8,174700
7/25/2013,76.88,77,76,76,148000
7/26/2013,76.52,76.92,76.36,76.36,131800
7/29/2013,76.6,77.2,76.28,76.88,127600
7/30/2013,76.72,77.08,76.6,76.84,178300
7/31/2013,76.56,76.72,75.96,76.72,222300
8/1/2013,75.92,76.04,75.48,75.68,165800
8/2/2013,75.88,76,75.48,75.56,134000
8/5/2013,75.64,75.76,75.28,75.32,141100
8/6/2013,75.52,76.28,75.48,76.08,271100
8/7/2013,76.32,76.8,76.2,76.64,1200500
8/8/2013,76.12,76.68,75.96,76.36,249000
8/9/2013,76.4,76.92,75.96,76.36,467600
8/12/2013,76.88,76.88,75.92,75.92,104400
8/13/2013,75.88,76.56,75.88,76.08,516100
8/14/2013,76.08,76.4,75.92,76.4,166300
8/15/2013,77.24,77.92,77.16,77.72,1312300
8/16/2013,77.96,78.16,77.56,78.04,295900
8/19/2013,78.08,78.92,77.92,78.88,191600
8/20/2013,78.8,78.8,77.56,77.68,318400
8/21/2013,78.04,78.52,77.4,78.2,393000
8/22/2013,77.84,77.92,77.04,77.04,121700
8/23/2013,76.88,77.4,76.84,76.88,117600
8/26/2013,76.68,77.2,76.4,76.92,167000
8/27/2013,77.84,78.84,77.48,78.64,354800
8/28/2013,78.72,78.88,78.2,78.52,751400
8/29/2013,78.56,78.64,77.4,77.64,185000
8/30/2013,77.68,79.04,77.68,78.84,379100
9/3/2013,77.76,79.08,77.4,78.44,343200
9/4/2013,78.28,78.6,77.64,77.72,866900
9/5/2013,77.64,77.76,77.24,77.52,533400
9/6/2013,77.12,78.6,76.96,77.4,335600
9/9/2013,77.12,77.12,76.12,76.24,1182400
9/10/2013,75.68,75.96,75.44,75.48,870200
9/11/2013,75.56,75.72,75.24,75.4,144500
9/12/2013,75.48,75.96,75.36,75.92,131500
9/13/2013,75.68,76.04,75.48,75.48,94000
9/16/2013,74.64,75.44,74.6,75.4,1059500
9/17/2013,75.32,75.32,74.6,74.6,137100
9/18/2013,74.6,75.16,73.52,73.84,420700
9/19/2013,73.64,74.2,73.64,74,278200
9/20/2013,73.76,74.24,73.72,74.24,775300
9/23/2013,74.16,74.76,74.04,74.2,191400
9/24/2013,74.12,74.56,73.4,73.96,266100
9/25/2013,73.92,74.16,73.4,74.08,129200
9/26/2013,73.92,74.12,73.4,73.68,216600
9/27/2013,74.16,74.24,73.72,74.04,275600
9/30/2013,74.76,74.88,73.84,73.88,255000
10/1/2013,74,74,73.12,73.12,248200
10/2/2013,73.64,73.76,73.2,73.4,566200
10/3/2013,73.52,74.64,73.44,74.2,248700
10/4/2013,74.12,74.24,73.44,73.64,123200
10/7/2013,74.36,74.52,73.96,74.52,765200
10/8/2013,74.44,75.8,74.32,75.72,449300
10/9/2013,75.48,76.48,75.48,75.96,330300
10/10/2013,74.96,75.04,74.04,74.16,500000
10/11/2013,74.32,74.4,73.08,73.08,536300
10/14/2013,73.56,73.6,72.68,72.72,182100
10/15/2013,72.84,73.6,72.68,73.32,154200
10/16/2013,72.88,73.08,72.44,72.48,628300
10/17/2013,72.88,72.88,71.88,71.88,253500
10/18/2013,71.36,71.64,71,71.04,285100
10/21/2013,70.92,71.32,70.8,71.2,184000
10/22/2013,70.84,71.28,70.52,71,237900
10/23/2013,71.32,71.64,71.16,71.2,182000
10/24/2013,71.16,71.24,70.68,70.84,138400
10/25/2013,70.68,71.08,70.56,70.84,105300
10/28/2013,70.76,71.16,70.68,70.84,165100
10/29/2013,70.6,71.08,70.44,70.64,160600
10/30/2013,70.56,71.72,70.52,71.6,397800
10/31/2013,71.56,72.16,71.32,71.92,365400
11/1/2013,71.84,72.8,71.72,72.24,304900
11/4/2013,71.92,72.16,71.32,71.4,155000
11/5/2013,71.72,72.16,71.48,71.68,218700
11/6/2013,71.2,72.16,71.2,72.04,293400
11/7/2013,71.64,73.32,71.52,73.24,1388400
11/8/2013,73.12,73.12,71.72,71.88,426900
11/11/2013,72,72.2,71.6,71.72,150800
11/12/2013,72,72.24,71.68,71.72,122000
11/13/2013,72.2,72.24,71,71.04,278300
11/14/2013,71.04,71.52,70.96,71.04,159600
11/15/2013,70.92,71.24,70.68,70.68,125300
11/18/2013,70.4,71.48,70.4,71.32,313900
11/19/2013,71.28,72,70.88,71.72,244200
11/20/2013,71.36,72.08,71.2,71.68,282900
11/21/2013,71.4,71.48,70.4,70.44,223900
11/22/2013,70.44,70.6,70,70.08,472600
11/25/2013,69.96,70.24,69.84,70.12,392900
11/26/2013,69.96,70.08,69.36,69.48,222300
11/27/2013,69.48,69.56,69.04,69.04,675100
11/29/2013,68.8,69.12,68.68,69.12,62300
12/2/2013,68.96,69.92,68.96,69.68,247800
12/3/2013,69.88,70.4,69.6,70.04,272100
12/4/2013,70.4,71,69.68,70.32,240900
12/5/2013,70.28,70.52,69.96,70.2,192100
12/6/2013,69.52,69.8,69.28,69.64,243300
12/9/2013,69.56,69.96,69.44,69.68,96000
12/10/2013,69.84,70.44,69.6,70.36,1737600
12/11/2013,70.24,71.6,70.24,71.44,204200
12/12/2013,71.4,71.6,71.04,71.28,452200
12/13/2013,71.16,71.52,70.84,71.08,173300
12/16/2013,70.76,70.84,70.16,70.2,146200
12/17/2013,70.24,70.76,70.2,70.28,122500
12/18/2013,70.16,70.92,69.36,69.36,219300
12/19/2013,69.4,69.96,69.36,69.88,148800
12/20/2013,69.76,69.76,68.48,68.8,1074800
12/23/2013,68.24,68.36,67.88,67.88,422400
12/24/2013,67.76,67.8,67.48,67.68,66700
12/26/2013,67.4,67.64,67.16,67.56,331400
12/27/2013,67.44,67.88,67.32,67.68,300600
12/30/2013,67.68,67.8,67.52,67.68,260000
12/31/2013,67.48,67.64,67.32,67.52,510600
1/2/2014,67.68,68.52,67.64,68.16,243800
1/3/2014,67.96,68.24,67.8,67.88,101500
1/6/2014,67.6,68.44,67.56,68.4,169700
1/7/2014,68.16,68.2,67.6,67.88,212100
1/8/2014,67.84,68.24,67.68,67.76,72100
1/9/2014,67.56,68.16,67.44,67.72,166000
1/10/2014,67.76,68,67.36,67.44,142100
1/13/2014,67.52,68.68,67.4,68.24,288000
1/14/2014,68,68.16,67.4,67.48,99100
1/15/2014,67.28,67.28,66.92,66.96,176500
1/16/2014,67,67.16,66.88,66.92,149200
1/17/2014,66.92,67.24,66.8,67.04,161400
1/21/2014,66.6,67.2,66.56,66.68,143300
1/22/2014,66.6,66.76,66.28,66.4,84500
1/23/2014,66.64,67.24,66.6,66.8,346000
1/24/2014,67.2,68.64,67.2,68.48,370200
1/27/2014,68.36,69.88,68.28,69.44,979600
1/28/2014,69.4,69.44,68.8,68.8,319200
1/29/2014,69.44,69.92,69,69.76,724400
1/30/2014,69.16,69.32,68.36,68.72,217600
1/31/2014,69.8,69.8,68.72,69.24,255600
2/3/2014,69.4,71.72,69.2,71.4,1261400
2/4/2014,71,71.56,70.52,70.92,601400
2/5/2014,71.24,72.24,71.08,71.48,433100
2/6/2014,71.24,71.24,70.52,70.76,452700
2/7/2014,70.48,70.8,69.92,69.96,352000
2/10/2014,69.96,70.48,69.76,69.76,233000
2/11/2014,69.76,69.92,68.96,69.2,600600
2/12/2014,69.04,69.2,68.56,68.92,571700
2/13/2014,69.6,69.6,67.92,68,507400
2/14/2014,68.2,68.44,67.84,67.96,346400
2/18/2014,67.68,67.88,67.08,67.2,204400
2/19/2014,67.4,67.96,67,67.88,279400
2/20/2014,67.84,67.96,67,67.16,207200
2/21/2014,66.96,67.08,66.68,66.96,87100
2/24/2014,66.84,66.88,66,66.36,1998700
2/25/2014,66.36,66.64,66.04,66.36,355800
2/26/2014,66.36,66.44,65.56,65.92,296000
2/27/2014,66.16,66.28,65.56,65.6,188000
2/28/2014,65.64,66.24,65.2,65.88,405600
3/3/2014,66.44,66.96,66,66.24,429200
3/4/2014,65.48,65.48,64.16,64.56,441900
3/5/2014,64.52,64.72,64.44,64.52,155200
3/6/2014,64.36,64.72,64.24,64.6,802700
3/7/2014,64.24,64.92,64.16,64.64,550300
3/10/2014,64.72,65.24,64.64,64.8,148600
3/11/2014,64.76,65.76,64.52,65.52,311300
3/12/2014,65.92,66.08,65.24,65.28,269300
3/13/2014,65,66.4,64.96,66.04,1061100
3/14/2014,66.2,66.24,65.56,65.72,425300
3/17/2014,65.36,65.52,64.88,65.44,377400
3/18/2014,65.36,65.4,64.44,64.52,167900
3/19/2014,64.56,65.36,64.52,64.96,194200
3/20/2014,65.04,65.36,64.6,64.84,298400
3/21/2014,64.52,65.12,64.2,65.08,294100
3/24/2014,64.88,66.44,64.76,65.88,231400
3/25/2014,65.56,66.32,65.12,65.84,251900
3/26/2014,65.48,67.12,65.44,67.08,1737300
3/27/2014,67.12,67.68,66.72,67.36,1055000
3/28/2014,67.2,67.52,66.36,67.36,343300
3/31/2014,66.88,67.12,65.92,66.08,377000
4/1/2014,66,66,65.16,65.24,411600
4/2/2014,65.12,65.36,64.92,65,357500
4/3/2014,65,65.92,64.96,65.68,232600
4/4/2014,65.12,67.36,65.12,67.16,441800
4/7/2014,67.48,68.56,67.32,68.12,712400
4/8/2014,68.12,68.44,67.28,67.6,334300
4/9/2014,67.36,67.68,66.64,66.68,369800
4/10/2014,66.76,68.88,66.76,68.56,578300
4/11/2014,69.08,69.84,68.4,69.52,916300
4/14/2014,68.8,70,68.52,69.28,496700
4/15/2014,69.12,70.6,68.68,69,635300
4/16/2014,68.6,68.96,68.24,68.36,356300
4/17/2014,68.52,68.64,67.64,67.92,244400
4/21/2014,67.8,68.28,67.56,67.56,288900
4/22/2014,67.4,67.56,66.68,66.88,539400
4/23/2014,67.08,67.4,66.84,67.36,265400
4/24/2014,66.8,68.04,66.8,67.44,341600
4/25/2014,67.8,68.88,67.76,68.72,453900
4/28/2014,68.52,70.08,68.08,69.04,950200
4/29/2014,68.72,69.12,68.44,68.88,266500
4/30/2014,69.24,69.64,68.4,68.4,396300
5/1/2014,68.52,69.28,68,68.52,403300
5/2/2014,68.32,68.56,67.76,68.44,473700
5/5/2014,68.96,69.28,68.32,68.44,287000
5/6/2014,68.84,69.64,68.6,69.6,543100
5/7/2014,69.6,70.6,69.36,69.56,438100
5/8/2014,69.64,70.44,68.88,70.2,307900
5/9/2014,70.48,70.68,69.56,69.6,455500
5/12/2014,69.2,69.24,67.72,68,362900
5/13/2014,68.08,68.72,67.8,68.64,251500
5/14/2014,68.88,69.88,68.8,69.8,367700
5/15/2014,70.08,71.16,70.04,70.2,638200
5/16/2014,70.2,70.76,69.76,69.8,346800
5/19/2014,70,70.16,68.84,69,251500
5/20/2014,69.24,70.48,69.24,70.12,269700
5/21/2014,69.68,70.4,69.44,69.68,296100
5/22/2014,69.48,69.68,68.8,69.04,323300
5/23/2014,69,69.08,68.2,68.24,362700
5/27/2014,67.8,67.8,67.08,67.28,501800
5/28/2014,67.44,67.88,67.32,67.64,284700
5/29/2014,67.4,67.76,67.24,67.4,307300
5/30/2014,67.4,67.96,67.36,67.68,267100
6/2/2014,67.56,68.56,67.52,68.04,306600
6/3/2014,68.36,68.72,67.96,68.16,322100
6/4/2014,68.48,68.68,67.8,67.88,181600
6/5/2014,67.76,68.12,66.44,66.52,467000
6/6/2014,66.24,66.28,65.64,65.88,366400
6/9/2014,65.76,65.92,64.92,65.24,282700
6/10/2014,65.44,65.8,65.32,65.4,189500
6/11/2014,65.76,66.08,65.56,65.72,526400
6/12/2014,65.92,66.36,65.8,66.12,384900
6/13/2014,65.96,66.52,65.8,66,343800
6/16/2014,66.04,66.28,65.64,65.64,206900
6/17/2014,65.72,65.84,64.96,65.2,763500
6/18/2014,65.24,65.44,64.72,64.8,514500
6/19/2014,64.52,65.12,64.52,64.76,276500
6/20/2014,64.68,64.84,64.44,64.52,270900
6/23/2014,64.36,64.76,64.32,64.56,152700
6/24/2014,64.72,65.36,64.08,65.28,465400
6/25/2014,65.64,65.68,64.72,64.72,281500
6/26/2014,64.72,65.32,64.72,64.8,144700
6/27/2014,65.08,65.08,64.32,64.48,197700
6/30/2014,64.52,64.64,64.08,64.12,207300
7/1/2014,63.88,63.96,62.96,63.44,266700
7/2/2014,63.52,63.84,63.28,63.72,439700
7/3/2014,63.44,63.6,63.28,63.36,111800
7/7/2014,63.56,64.44,63.52,64.4,305600
7/8/2014,64.48,65.52,64.48,65.12,599100
7/9/2014,65,65.32,64.76,65.16,240800
7/10/2014,66.44,66.52,65.36,65.72,633600
7/11/2014,65.8,66.2,65.72,65.88,178500
7/14/2014,65.12,65.68,65.08,65.52,381400
7/15/2014,65.56,66.56,65.36,66.2,275200
7/16/2014,65.84,66.6,65.84,66.32,526400
7/17/2014,66.76,67.52,66.32,67.36,520100
7/18/2014,67.2,67.36,66.2,66.36,600100
7/21/2014,66.72,67,66.44,66.56,381300
7/22/2014,66.12,66.28,65.72,66,359100
7/23/2014,65.88,66.12,65.56,65.92,163300
7/24/2014,65.72,66.24,65.48,66.04,378500
7/25/2014,66.56,66.88,66.44,66.72,270200
7/28/2014,66.56,67.44,66.48,66.92,1156500
7/29/2014,66.76,66.92,66.32,66.8,319300
7/30/2014,66.28,66.8,66.2,66.52,446200
7/31/2014,67.16,68.16,67,68.08,854500
8/1/2014,68.04,68.88,67.72,68.28,1047200
8/4/2014,68.04,68.84,67.64,67.76,583300
8/5/2014,68.04,68.4,67.4,67.88,750700
8/6/2014,68.32,68.32,67.24,67.68,401000
8/7/2014,67.48,68.28,67.2,68,320500
8/8/2014,67.96,68.12,67.28,67.36,284000
8/11/2014,66.96,67.12,66.2,66.72,345700
8/12/2014,66.96,67.48,66.6,67.2,242900
8/13/2014,66.92,67.08,66.48,66.6,423700
8/14/2014,66.6,66.76,66.44,66.56,178700
8/15/2014,66.04,67.28,66,66.64,303300
8/18/2014,65.96,66.2,65.6,65.68,469800
8/19/2014,65.56,65.64,65.28,65.4,297300
8/20/2014,65.76,66,65.56,65.64,439300
8/21/2014,65.72,66.36,65.44,65.6,433800
8/22/2014,65.68,65.88,65.32,65.56,292100
8/25/2014,65.16,65.48,64.88,65.28,248600
8/26/2014,65.16,65.2,64.6,64.64,276300
8/27/2014,64.64,64.92,64.56,64.8,124100
8/28/2014,65.04,65.36,64.96,65.2,512600
8/29/2014,65,65.28,64.64,64.76,193500
9/2/2014,64.52,64.8,64.24,64.44,280700
9/3/2014,64.08,64.92,64.04,64.76,416100
9/4/2014,64.64,65.2,64.28,65.04,305900
9/5/2014,65.16,65.48,64.88,64.88,344800
9/8/2014,64.88,65.16,64.6,64.72,189700
9/9/2014,64.84,65.6,64.84,65.52,633800
9/10/2014,65.52,65.76,65.08,65.12,287100
9/11/2014,65.48,65.52,64.68,64.68,267400
9/12/2014,64.8,65.6,64.76,65.4,220000
9/15/2014,65.36,66.32,65.36,66.08,376500
9/16/2014,66.32,66.48,65.72,65.88,467500
9/17/2014,65.84,66,65.28,65.68,328700
9/18/2014,65.44,65.6,65.28,65.36,169600
9/19/2014,65,66.36,65,66.12,354500
9/22/2014,66.48,67.28,66.4,67.08,449600
9/23/2014,67.36,67.8,66.92,67.72,1595900
9/24/2014,67.6,67.96,67.04,67.12,594200
9/25/2014,67.2,68.4,67.2,68.2,561700
9/26/2014,68,68.12,67.56,67.6,310900
9/29/2014,68.36,68.44,67.44,67.64,545700
9/30/2014,67.76,68.72,67.64,68.72,845900
10/1/2014,68.72,69.84,68.64,69.6,871100
10/2/2014,69.64,70.2,68.68,68.96,1002800
10/3/2014,68.4,68.8,68,68.48,999200
10/6/2014,68.28,69.16,68.2,68.96,631400
10/7/2014,69.44,70.24,69.16,70.16,736200
10/8/2014,70.36,70.92,68.76,68.84,951100
10/9/2014,68.84,70.68,68.84,70.68,800300
10/10/2014,70.8,71.64,70.08,71.48,1284500
10/13/2014,71.48,72.08,70.56,71.76,1121000
10/14/2014,71.12,71.44,69.96,71,1992400
10/15/2014,71.88,72.28,69.96,70.2,4307500
10/16/2014,71.2,71.32,68.96,69.4,1755300
10/17/2014,68.6,69.92,68.52,69.6,703500
10/20/2014,69.92,69.92,68.8,68.8,477000
10/21/2014,68.44,68.64,67.64,67.72,1076200
10/22/2014,67.6,68.72,67.36,68.64,827100
10/23/2014,67.92,68.12,67,67.48,803300
10/24/2014,67.36,67.68,67.2,67.32,413300
10/27/2014,67.72,68.24,67.28,67.28,455500
10/28/2014,67.04,67.12,65.4,65.48,517700
10/29/2014,65.24,66.08,65,65.6,933600
10/30/2014,65.84,65.96,64.72,64.96,489300
10/31/2014,63.8,64.44,63.8,64,1545300
11/3/2014,64,64.4,63.64,64.12,257900
11/4/2014,64.4,64.72,64.08,64.48,260800
11/5/2014,63.92,64.6,63.92,64.32,352700
11/6/2014,64.32,64.6,64.04,64.04,263300
11/7/2014,64.16,64.48,63.96,64,202200
11/10/2014,63.92,64.08,63.6,63.64,282000
11/11/2014,63.72,63.84,63.52,63.6,150400
11/12/2014,63.92,63.96,63.16,63.32,220500
11/13/2014,63.28,63.96,63.12,63.84,395800
11/14/2014,63.8,64.12,63.64,63.96,224400
11/17/2014,64,64.52,63.84,64.52,265100
11/18/2014,64.24,64.24,63.68,64.04,220100
11/19/2014,64.12,65.16,64.12,64.72,386900
11/20/2014,65.04,65.04,64.04,64.08,246700
11/21/2014,63.16,64.16,63.08,64,305800
11/24/2014,63.88,63.88,63.12,63.12,233200
11/25/2014,63.04,63.44,62.76,63.08,381900
11/26/2014,63.12,63.24,62.88,62.92,131200
11/28/2014,62.88,63.92,62.88,63.84,199000
12/1/2014,64.04,64.88,63.96,64.8,290100
12/2/2014,64.8,64.8,63.84,64.08,233200
12/3/2014,64.04,64.16,63.24,63.4,144200
12/4/2014,63.44,64.04,63.44,63.84,716700
12/5/2014,63.52,63.6,63.12,63.2,280700
12/8/2014,63.44,64.2,62.88,64,376800
12/9/2014,64.76,64.84,62.92,62.92,681800
12/10/2014,63.16,64.32,62.96,64.24,314400
12/11/2014,64,64.12,63.16,64.12,410900
12/12/2014,64.76,64.88,64.08,64.76,861600
12/15/2014,64.44,65.68,64.24,65.4,676100
12/16/2014,65.6,65.72,64.4,65.52,525500
12/17/2014,65.4,65.44,63.48,63.52,681400
12/18/2014,62.64,63.2,62.52,62.64,740500
12/19/2014,62.56,62.8,62.12,62.36,462500
12/22/2014,62.32,62.48,62,62.04,317800
12/23/2014,61.6,62.12,61.6,61.88,519000
12/24/2014,61.8,61.96,61.6,61.72,113800
12/26/2014,61.52,61.56,61.16,61.36,411400
12/29/2014,61.24,61.28,60.92,61,721300
12/30/2014,61.16,61.44,61,61.4,227500
12/31/2014,61.16,61.84,60.92,61.8,320300
1/2/2015,61.52,62.64,61.32,62.08,262500
1/5/2015,62.52,63.24,62.28,62.88,292800
1/6/2015,62.8,64.56,62.76,64.12,380600
1/7/2015,63.64,63.92,63.16,63.16,236900
1/8/2015,62.8,62.88,62.12,62.24,205900
1/9/2015,62.16,62.88,62.12,62.8,218300
1/12/2015,62.68,63.4,62.52,62.92,234900
1/13/2015,62.48,63.68,61.8,62.88,474100
1/14/2015,63.6,63.84,63.04,63.2,353000
1/15/2015,62.96,64.4,62.84,64.24,444800
1/16/2015,64.48,64.6,63.04,63.12,378800
1/20/2015,63,64,62.92,63.36,2488700
1/21/2015,63.72,63.92,63.12,63.64,229100
1/22/2015,63.2,64.04,62.32,62.36,404600
1/23/2015,62.32,62.68,62.04,62.36,211500
1/26/2015,62.56,62.92,61.8,61.84,280600
1/27/2015,62.44,62.6,61.76,62.12,228300
1/28/2015,61.76,63.28,61.72,63.04,586300
1/29/2015,62.88,63.44,62.24,62.28,342500
1/30/2015,62.68,63.64,62.44,63.6,379800
2/2/2015,63.36,64.32,62.96,63.08,443500
2/3/2015,62.72,62.76,61.84,61.92,378500
2/4/2015,62.12,62.24,61.72,62.08,209000
2/5/2015,61.88,62,61.12,61.24,172300
2/6/2015,61.28,61.6,60.88,61.4,378400
2/9/2015,61.6,61.92,61.2,61.8,188600
2/10/2015,61.48,62.24,61.36,61.52,261200
2/11/2015,61.6,61.92,61.36,61.52,228800
2/12/2015,61.2,61.28,60.76,60.84,122900
2/13/2015,60.76,60.92,60.4,60.44,447600
2/17/2015,60.36,60.56,60.16,60.28,181400
2/18/2015,60.48,60.64,60.2,60.24,177600
2/19/2015,60.36,60.44,60.04,60.2,89800
2/20/2015,60.28,60.72,59.96,60,174800
2/23/2015,60.2,60.52,59.96,60,105700
2/24/2015,60,60.12,59.72,59.92,181500
2/25/2015,59.92,60.04,59.68,59.8,131900
2/26/2015,59.8,60.04,59.56,59.64,302700
2/27/2015,59.72,59.92,59.56,59.88,94600
3/2/2015,59.88,59.88,59.32,59.48,309500
3/3/2015,59.64,60.04,59.6,59.8,163700
3/4/2015,60.08,60.32,59.92,59.96,328300
3/5/2015,59.88,60.2,59.72,59.84,84800
3/6/2015,60.24,60.72,59.88,60.6,271700
3/9/2015,60.52,60.6,60.24,60.28,170400
3/10/2015,60.8,61.24,60.8,61.04,283000
3/11/2015,60.88,61.2,60.6,60.64,145700
3/12/2015,60.2,60.28,59.56,59.64,247400
3/13/2015,59.64,60.48,59.56,59.84,218800
3/16/2015,59.64,59.64,59.36,59.48,231900
3/17/2015,59.6,59.72,59.24,59.36,126400
3/18/2015,59.36,59.64,58.64,58.8,298900
3/19/2015,58.88,58.96,58.68,58.76,196900
3/20/2015,58.52,58.52,58.12,58.2,304300
3/23/2015,58.2,58.28,58.04,58.2,117100
3/24/2015,58.28,58.36,58.08,58.24,191900
3/25/2015,58.28,59.68,58.2,59.6,268500
3/26/2015,59.8,60.08,59.4,59.72,390600
3/27/2015,59.68,59.92,59.24,59.32,102700
3/30/2015,59,59,58.4,58.48,296700
3/31/2015,58.8,58.88,58.52,58.68,148200
4/1/2015,58.72,59.36,58.68,58.68,157400
4/2/2015,58.72,58.72,58.28,58.52,102400
4/6/2015,58.92,58.92,58.16,58.32,158300
4/7/2015,58.48,58.68,58.16,58.68,206800
4/8/2015,58.6,58.64,58.08,58.2,192000
4/9/2015,58.24,58.96,58.04,58.4,132100
4/10/2015,58.16,58.24,58,58.08,131100
4/13/2015,58.04,58.08,57.72,58.04,159800
4/14/2015,58,58.44,57.88,58.08,141000
4/15/2015,57.76,57.92,57.36,57.6,328800
4/16/2015,57.64,57.8,57.56,57.72,192100
4/17/2015,58.28,58.88,58.16,58.6,273500
4/20/2015,58.32,58.4,57.92,58,108600
4/21/2015,57.84,58.12,57.76,58.08,81900
4/22/2015,58.08,58.56,57.92,57.96,228400
4/23/2015,58.12,58.2,57.6,57.76,157700
4/24/2015,57.72,58,57.68,57.96,83900
4/27/2015,57.72,58.72,57.48,58.56,189700
4/28/2015,58.52,59.12,58.16,58.2,211700
4/29/2015,58.56,58.92,58.36,58.84,202900
4/30/2015,59.12,60.32,59.04,60.12,703900
5/1/2015,59.84,60.16,59.6,59.72,197800
5/4/2015,59.6,59.64,59.04,59.44,190600
5/5/2015,59.52,60.52,59.36,60.28,307900
5/6/2015,60.12,60.52,59.92,60.04,416400
5/7/2015,60.08,60.36,59.6,59.76,131300
5/8/2015,59.24,59.48,59.04,59.36,138300
5/11/2015,59.36,59.44,58.88,59.32,141500
5/12/2015,59.48,60.16,59.24,59.36,227700
5/13/2015,59.24,59.6,59.12,59.4,129100
5/14/2015,59.08,59.4,58.72,58.76,284100
5/15/2015,58.92,59.16,58.8,58.8,571500
5/18/2015,58.96,59.04,58.12,58.16,191100
5/19/2015,58.28,58.48,58.2,58.28,126400
5/20/2015,58.04,58.48,57.99,58.16,420300
5/21/2015,58.21,58.42,57.97,58.21,599900
5/22/2015,58.26,58.62,58.07,58.44,507000
5/26/2015,58.66,59.32,58.63,59.01,1292000
5/27/2015,58.92,59.2,58.22,58.28,709900
5/28/2015,58.43,58.71,58.3,58.32,472700
5/29/2015,58.31,58.92,58.28,58.67,795800
6/1/2015,58.32,59.06,58.18,58.44,727500
6/2/2015,58.71,58.84,58,58.38,796400
6/3/2015,58.23,58.39,57.71,57.78,1101200
6/4/2015,58.09,58.53,57.84,58.34,1141000
6/5/2015,58.5,58.89,57.88,57.92,1144400
6/8/2015,57.96,58.3,57.83,58.19,613700
6/9/2015,58.25,58.79,58.18,58.35,300100
6/10/2015,58.16,58.17,57.43,57.65,644500
6/11/2015,57.58,57.66,57.4,57.48,340600
6/12/2015,57.62,57.86,57.57,57.64,255000
6/15/2015,58.04,58.55,57.71,57.82,567900
6/16/2015,57.92,57.92,57.33,57.43,414600
6/17/2015,57.29,57.61,57.18,57.51,461100
6/18/2015,57.24,57.24,56.6,56.75,644500
6/19/2015,56.77,56.86,56.63,56.78,589800
6/22/2015,56.5,56.63,56.32,56.36,580800
6/23/2015,56.38,56.51,56.22,56.23,384100
6/24/2015,56.34,56.79,56.2,56.7,439400
6/25/2015,56.53,57,56.49,56.72,295400
6/26/2015,56.6,57.17,56.52,56.92,629300
6/29/2015,57.31,58.38,57.09,58.31,1228200
6/30/2015,57.88,58.3,57.85,58.04,968800
7/1/2015,57.6,58.19,57.45,57.87,635200
7/2/2015,57.84,58.49,57.75,58.28,653800
7/6/2015,58.72,58.72,57.96,58.29,696300
7/7/2015,58.23,59.35,58.21,58.25,1563100
7/8/2015,58.76,59.46,58.49,59.13,1063500
7/9/2015,58.44,58.99,58.39,58.94,721900
7/10/2015,58.23,58.46,58,58.07,986700
7/13/2015,57.79,57.8,57.38,57.46,662300
7/14/2015,57.51,57.51,56.99,57.1,713600
7/15/2015,57.06,57.53,57,57.44,746700
7/16/2015,57.16,57.23,56.88,57.02,651800
7/17/2015,57.06,57.48,57.03,57.29,569300
7/20/2015,57.28,57.74,57.27,57.59,565400
7/21/2015,57.63,58.04,57.31,57.88,234200
7/22/2015,58.08,58.13,57.6,57.68,188900
7/23/2015,57.63,58.42,57.5,58.31,389000
7/24/2015,58.34,59.28,58.24,59.22,571700
7/27/2015,59.48,59.87,59.37,59.69,897000
7/28/2015,59.57,60.31,59.11,59.22,1281700
7/29/2015,59.34,59.51,58.86,59.04,901400
7/30/2015,59.18,59.48,58.8,58.85,536000
7/31/2015,58.78,58.89,58.22,58.56,891100
8/3/2015,58.51,59.25,58.47,58.87,793300
8/4/2015,58.81,59.17,58.54,58.96,497200
